date,day,week,month,division,Actual Cost,Date,Day,Week,Month,Division,Allocated Budget ($),Actual Cost ($),Variance ($),Variance %,Target Overage vs Budget %,Variance Recomputed,Variance % Recomputed
2025-01-01,Wednesday,Week 1,Month 1,AI Engineering,38.0952,2025-01-01,Wednesday,Week 1,Month 1,AI Engineering,35.94,38.1,2.16,6.0,6.0,2.1552000000000007,0.05996661101836396
2025-01-01,Wednesday,Week 1,Month 1,Business Analytics,0.8422314,2025-01-01,Wednesday,Week 1,Month 1,Business Analytics,0.82,0.84,0.02,3.0,3.0,0.022231400000000012,0.027111463414634163
2025-01-01,Wednesday,Week 1,Month 1,Data Engineering,2.2467,2025-01-01,Wednesday,Week 1,Month 1,Data Engineering,2.15,2.25,0.1,4.5,4.5,0.09670000000000023,0.04497674418604662
2025-01-01,Wednesday,Week 1,Month 1,Platform / Cloud Operations,4.0772356,2025-01-01,Wednesday,Week 1,Month 1,Platform / Cloud Operations,3.88,4.08,0.19,5.0,5.0,0.19723559999999996,0.05083391752577319
2025-01-01,Wednesday,Week 1,Month 1,Product Engineering,9.75177,2025-01-01,Wednesday,Week 1,Month 1,Product Engineering,9.38,9.75,0.38,4.0,4.0,0.3717699999999997,0.039634328358208924
2025-01-02,Thursday,Week 1,Month 1,AI Engineering,11.985,2025-01-02,Thursday,Week 1,Month 1,AI Engineering,11.31,11.99,0.68,6.0,6.0,0.6749999999999989,0.059681697612731996
2025-01-02,Thursday,Week 1,Month 1,Business Analytics,27.431600000000003,2025-01-02,Thursday,Week 1,Month 1,Business Analytics,26.63,27.43,0.8,3.0,3.0,0.8016000000000041,0.030101389410439508
2025-01-02,Thursday,Week 1,Month 1,Data Engineering,21.480000000000004,2025-01-02,Thursday,Week 1,Month 1,Data Engineering,20.56,21.48,0.92,4.5,4.5,0.9200000000000053,0.044747081712062514
2025-01-02,Thursday,Week 1,Month 1,Platform / Cloud Operations,20.6328,2025-01-02,Thursday,Week 1,Month 1,Platform / Cloud Operations,19.65,20.63,0.98,5.0,5.0,0.982800000000001,0.05001526717557257
2025-01-02,Thursday,Week 1,Month 1,Product Engineering,5.6052257999999995,2025-01-02,Thursday,Week 1,Month 1,Product Engineering,5.39,5.61,0.22,4.0,4.0,0.2152257999999998,0.03993057513914653
2025-01-03,Friday,Week 1,Month 1,AI Engineering,23.946600000000004,2025-01-03,Friday,Week 1,Month 1,AI Engineering,22.59,23.95,1.36,6.0,6.0,1.3566000000000038,0.06005312084993377
2025-01-03,Friday,Week 1,Month 1,Business Analytics,2.716,2025-01-03,Friday,Week 1,Month 1,Business Analytics,2.64,2.72,0.08,3.0,3.0,0.07600000000000007,0.028787878787878814
2025-01-03,Friday,Week 1,Month 1,Data Engineering,2.6599328,2025-01-03,Friday,Week 1,Month 1,Data Engineering,2.55,2.66,0.11,4.5,4.5,0.10993280000000016,0.04311090196078438
2025-01-03,Friday,Week 1,Month 1,Platform / Cloud Operations,0.7205,2025-01-03,Friday,Week 1,Month 1,Platform / Cloud Operations,0.69,0.72,0.03,5.0,5.0,0.030500000000000083,0.04420289855072476
2025-01-03,Friday,Week 1,Month 1,Product Engineering,7.91,2025-01-03,Friday,Week 1,Month 1,Product Engineering,7.61,7.91,0.3,4.0,4.0,0.2999999999999998,0.03942181340341653
2025-01-04,Saturday,Week 1,Month 1,AI Engineering,0.6763444000000001,2025-01-04,Saturday,Week 1,Month 1,AI Engineering,0.64,0.68,0.04,6.0,6.0,0.036344400000000054,0.056788125000000085
2025-01-04,Saturday,Week 1,Month 1,Business Analytics,0.0169636,2025-01-04,Saturday,Week 1,Month 1,Business Analytics,0.02,0.02,0.0,3.0,3.0,-0.0030364000000000016,-0.15182000000000007
2025-01-04,Saturday,Week 1,Month 1,Data Engineering,0.7718166,2025-01-04,Saturday,Week 1,Month 1,Data Engineering,0.74,0.77,0.03,4.5,4.5,0.03181659999999997,0.04299540540540537
2025-01-04,Saturday,Week 1,Month 1,Platform / Cloud Operations,6.266593,2025-01-04,Saturday,Week 1,Month 1,Platform / Cloud Operations,5.97,6.27,0.3,5.0,5.0,0.29659300000000055,0.04968056951423795
2025-01-04,Saturday,Week 1,Month 1,Product Engineering,1.1704999999999999,2025-01-04,Saturday,Week 1,Month 1,Product Engineering,1.13,1.17,0.05,4.0,4.0,0.04049999999999998,0.03584070796460176
2025-01-05,Sunday,Week 1,Month 1,AI Engineering,1.2956374000000002,2025-01-05,Sunday,Week 1,Month 1,AI Engineering,1.22,1.3,0.07,6.0,6.0,0.07563740000000019,0.06199786885245917
2025-01-05,Sunday,Week 1,Month 1,Business Analytics,22.7684,2025-01-05,Sunday,Week 1,Month 1,Business Analytics,22.11,22.77,0.66,3.0,3.0,0.6584000000000003,0.02977838082315696
2025-01-05,Sunday,Week 1,Month 1,Data Engineering,0.62585,2025-01-05,Sunday,Week 1,Month 1,Data Engineering,0.6,0.63,0.03,4.5,4.5,0.02585000000000004,0.043083333333333404
2025-01-05,Sunday,Week 1,Month 1,Platform / Cloud Operations,0.0139906,2025-01-05,Sunday,Week 1,Month 1,Platform / Cloud Operations,0.01,0.01,0.0,5.0,5.0,0.0039906,0.39906
2025-01-05,Sunday,Week 1,Month 1,Product Engineering,4.57443,2025-01-05,Sunday,Week 1,Month 1,Product Engineering,4.4,4.57,0.18,4.0,4.0,0.17443000000000008,0.039643181818181834
2025-01-06,Monday,Week 1,Month 1,AI Engineering,6.40359,2025-01-06,Monday,Week 1,Month 1,AI Engineering,6.04,6.4,0.36,6.0,6.0,0.3635900000000003,0.06019701986754972
2025-01-06,Monday,Week 1,Month 1,Business Analytics,23.9952,2025-01-06,Monday,Week 1,Month 1,Business Analytics,23.3,24.0,0.7,3.0,3.0,0.6951999999999998,0.029836909871244627
2025-01-06,Monday,Week 1,Month 1,Data Engineering,4.5396,2025-01-06,Monday,Week 1,Month 1,Data Engineering,4.34,4.54,0.2,4.5,4.5,0.19960000000000022,0.0459907834101383
2025-01-06,Monday,Week 1,Month 1,Platform / Cloud Operations,4.0443999999999996,2025-01-06,Monday,Week 1,Month 1,Platform / Cloud Operations,3.85,4.04,0.19,5.0,5.0,0.19439999999999946,0.050493506493506354
2025-01-06,Monday,Week 1,Month 1,Product Engineering,8.61,2025-01-06,Monday,Week 1,Month 1,Product Engineering,8.28,8.61,0.33,4.0,4.0,0.33000000000000007,0.039855072463768126
2025-01-07,Tuesday,Week 1,Month 1,AI Engineering,11.9852,2025-01-07,Tuesday,Week 1,Month 1,AI Engineering,11.31,11.99,0.68,6.0,6.0,0.6752000000000002,0.059699381078691445
2025-01-07,Tuesday,Week 1,Month 1,Business Analytics,1.706993,2025-01-07,Tuesday,Week 1,Month 1,Business Analytics,1.66,1.71,0.05,3.0,3.0,0.04699300000000006,0.028309036144578352
2025-01-07,Tuesday,Week 1,Month 1,Data Engineering,50.8503704,2025-01-07,Tuesday,Week 1,Month 1,Data Engineering,48.66,50.85,2.19,4.5,4.5,2.190370400000006,0.04501377722975763
2025-01-07,Tuesday,Week 1,Month 1,Platform / Cloud Operations,18.0916,2025-01-07,Tuesday,Week 1,Month 1,Platform / Cloud Operations,17.23,18.09,0.86,5.0,5.0,0.8615999999999993,0.050005803830528106
2025-01-07,Tuesday,Week 1,Month 1,Product Engineering,18.7392,2025-01-07,Tuesday,Week 1,Month 1,Product Engineering,18.02,18.74,0.72,4.0,4.0,0.7192000000000007,0.03991120976692568
2025-01-08,Wednesday,Week 2,Month 1,AI Engineering,0.3951734,2025-01-08,Wednesday,Week 2,Month 1,AI Engineering,0.37,0.4,0.02,6.0,6.0,0.025173400000000012,0.06803621621621625
2025-01-08,Wednesday,Week 2,Month 1,Business Analytics,9.387,2025-01-08,Wednesday,Week 2,Month 1,Business Analytics,9.11,9.39,0.27,3.0,3.0,0.277000000000001,0.030406147091108785
2025-01-08,Wednesday,Week 2,Month 1,Data Engineering,17.987,2025-01-08,Wednesday,Week 2,Month 1,Data Engineering,17.21,17.99,0.77,4.5,4.5,0.7769999999999975,0.04514816966879706
2025-01-08,Wednesday,Week 2,Month 1,Platform / Cloud Operations,22.978,2025-01-08,Wednesday,Week 2,Month 1,Platform / Cloud Operations,21.88,22.98,1.09,5.0,5.0,1.0980000000000025,0.050182815356490065
2025-01-08,Wednesday,Week 2,Month 1,Product Engineering,5.7396,2025-01-08,Wednesday,Week 2,Month 1,Product Engineering,5.52,5.74,0.22,4.0,4.0,0.21960000000000068,0.039782608695652304
2025-01-09,Thursday,Week 2,Month 1,AI Engineering,0.80911,2025-01-09,Thursday,Week 2,Month 1,AI Engineering,0.76,0.81,0.05,6.0,6.0,0.04910999999999999,0.06461842105263156
2025-01-09,Thursday,Week 2,Month 1,Business Analytics,0.21109999999999995,2025-01-09,Thursday,Week 2,Month 1,Business Analytics,0.2,0.21,0.01,3.0,3.0,0.011099999999999943,0.055499999999999716
2025-01-09,Thursday,Week 2,Month 1,Data Engineering,20.932000000000002,2025-01-09,Thursday,Week 2,Month 1,Data Engineering,20.03,20.93,0.9,4.5,4.5,0.902000000000001,0.045032451323015525
2025-01-09,Thursday,Week 2,Month 1,Platform / Cloud Operations,6.455170000000001,2025-01-09,Thursday,Week 2,Month 1,Platform / Cloud Operations,6.15,6.46,0.31,5.0,5.0,0.3051700000000004,0.04962113821138217
2025-01-09,Thursday,Week 2,Month 1,Product Engineering,52.611,2025-01-09,Thursday,Week 2,Month 1,Product Engineering,50.59,52.61,2.02,4.0,4.0,2.0209999999999937,0.03994860644396113
2025-01-10,Friday,Week 2,Month 1,AI Engineering,0.96,2025-01-10,Friday,Week 2,Month 1,AI Engineering,0.91,0.96,0.05,6.0,6.0,0.04999999999999993,0.05494505494505487
2025-01-10,Friday,Week 2,Month 1,Business Analytics,13.9854,2025-01-10,Friday,Week 2,Month 1,Business Analytics,13.58,13.99,0.41,3.0,3.0,0.4054000000000002,0.02985272459499265
2025-01-10,Friday,Week 2,Month 1,Data Engineering,5.9952000000000005,2025-01-10,Friday,Week 2,Month 1,Data Engineering,5.74,6.0,0.26,4.5,4.5,0.2552000000000003,0.044459930313588907
2025-01-10,Friday,Week 2,Month 1,Platform / Cloud Operations,1.261,2025-01-10,Friday,Week 2,Month 1,Platform / Cloud Operations,1.2,1.26,0.06,5.0,5.0,0.06099999999999994,0.050833333333333286
2025-01-10,Friday,Week 2,Month 1,Product Engineering,4.702646,2025-01-10,Friday,Week 2,Month 1,Product Engineering,4.52,4.7,0.18,4.0,4.0,0.18264600000000009,0.04040840707964604
2025-01-11,Saturday,Week 2,Month 1,AI Engineering,1.5619,2025-01-11,Saturday,Week 2,Month 1,AI Engineering,1.47,1.56,0.09,6.0,6.0,0.09190000000000009,0.06251700680272115
2025-01-11,Saturday,Week 2,Month 1,Business Analytics,11.5502208,2025-01-11,Saturday,Week 2,Month 1,Business Analytics,11.21,11.55,0.34,3.0,3.0,0.3402207999999991,0.030349759143621684
2025-01-11,Saturday,Week 2,Month 1,Data Engineering,0.35079899999999997,2025-01-11,Saturday,Week 2,Month 1,Data Engineering,0.34,0.35,0.02,4.5,4.5,0.010798999999999948,0.0317617647058822
2025-01-11,Saturday,Week 2,Month 1,Platform / Cloud Operations,13.5438558,2025-01-11,Saturday,Week 2,Month 1,Platform / Cloud Operations,12.9,13.54,0.64,5.0,5.0,0.643855799999999,0.049911302325581317
2025-01-11,Saturday,Week 2,Month 1,Product Engineering,1.9912,2025-01-11,Saturday,Week 2,Month 1,Product Engineering,1.91,1.99,0.08,4.0,4.0,0.08120000000000016,0.04251308900523569
2025-01-12,Sunday,Week 2,Month 1,AI Engineering,19.394000000000002,2025-01-12,Sunday,Week 2,Month 1,AI Engineering,18.3,19.39,1.1,6.0,6.0,1.0940000000000012,0.059781420765027384
2025-01-12,Sunday,Week 2,Month 1,Business Analytics,4.1648000000000005,2025-01-12,Sunday,Week 2,Month 1,Business Analytics,4.04,4.16,0.12,3.0,3.0,0.12480000000000047,0.030891089108911005
2025-01-12,Sunday,Week 2,Month 1,Data Engineering,4.489,2025-01-12,Sunday,Week 2,Month 1,Data Engineering,4.3,4.49,0.19,4.5,4.5,0.18900000000000006,0.043953488372093036
2025-01-12,Sunday,Week 2,Month 1,Platform / Cloud Operations,1.17535,2025-01-12,Sunday,Week 2,Month 1,Platform / Cloud Operations,1.12,1.18,0.06,5.0,5.0,0.05534999999999979,0.04941964285714266
2025-01-12,Sunday,Week 2,Month 1,Product Engineering,7.1416,2025-01-12,Sunday,Week 2,Month 1,Product Engineering,6.87,7.14,0.27,4.0,4.0,0.2716000000000003,0.03953420669577879
2025-01-13,Monday,Week 2,Month 1,AI Engineering,11.3938,2025-01-13,Monday,Week 2,Month 1,AI Engineering,10.75,11.39,0.64,6.0,6.0,0.6438000000000006,0.059888372093023313
2025-01-13,Monday,Week 2,Month 1,Business Analytics,0.495,2025-01-13,Monday,Week 2,Month 1,Business Analytics,0.48,0.5,0.01,3.0,3.0,0.015000000000000013,0.03125000000000003
2025-01-13,Monday,Week 2,Month 1,Data Engineering,3.5152048000000002,2025-01-13,Monday,Week 2,Month 1,Data Engineering,3.36,3.52,0.15,4.5,4.5,0.15520480000000036,0.04619190476190487
2025-01-13,Monday,Week 2,Month 1,Platform / Cloud Operations,13.1918266,2025-01-13,Monday,Week 2,Month 1,Platform / Cloud Operations,12.56,13.19,0.63,5.0,5.0,0.6318266000000001,0.05030466560509555
2025-01-13,Monday,Week 2,Month 1,Product Engineering,3.57172,2025-01-13,Monday,Week 2,Month 1,Product Engineering,3.43,3.57,0.14,4.0,4.0,0.14171999999999985,0.04131778425655972
2025-01-14,Tuesday,Week 2,Month 1,AI Engineering,0.33342,2025-01-14,Tuesday,Week 2,Month 1,AI Engineering,0.31,0.33,0.02,6.0,6.0,0.023419999999999996,0.07554838709677418
2025-01-14,Tuesday,Week 2,Month 1,Business Analytics,1.81278,2025-01-14,Tuesday,Week 2,Month 1,Business Analytics,1.76,1.81,0.05,3.0,3.0,0.05278000000000005,0.02998863636363639
2025-01-14,Tuesday,Week 2,Month 1,Data Engineering,39.334399999999995,2025-01-14,Tuesday,Week 2,Month 1,Data Engineering,37.64,39.33,1.69,4.5,4.5,1.6943999999999946,0.04501594048884151
2025-01-14,Tuesday,Week 2,Month 1,Platform / Cloud Operations,3.80615,2025-01-14,Tuesday,Week 2,Month 1,Platform / Cloud Operations,3.62,3.81,0.18,5.0,5.0,0.18615000000000004,0.051422651933701664
2025-01-14,Tuesday,Week 2,Month 1,Product Engineering,4.6556,2025-01-14,Tuesday,Week 2,Month 1,Product Engineering,4.48,4.66,0.18,4.0,4.0,0.1755999999999993,0.03919642857142842
2025-01-15,Wednesday,Week 3,Month 1,AI Engineering,56.20677,2025-01-15,Wednesday,Week 3,Month 1,AI Engineering,53.03,56.21,3.18,6.0,6.0,3.1767699999999977,0.059905148029417266
2025-01-15,Wednesday,Week 3,Month 1,Business Analytics,0.8269,2025-01-15,Wednesday,Week 3,Month 1,Business Analytics,0.8,0.83,0.02,3.0,3.0,0.026899999999999924,0.033624999999999905
2025-01-15,Wednesday,Week 3,Month 1,Data Engineering,60.37593,2025-01-15,Wednesday,Week 3,Month 1,Data Engineering,57.78,60.38,2.6,4.5,4.5,2.5959299999999956,0.04492782969885766
2025-01-15,Wednesday,Week 3,Month 1,Platform / Cloud Operations,0.21789999999999998,2025-01-15,Wednesday,Week 3,Month 1,Platform / Cloud Operations,0.21,0.22,0.01,5.0,5.0,0.00789999999999999,0.03761904761904757
2025-01-15,Wednesday,Week 3,Month 1,Product Engineering,16.258399999999998,2025-01-15,Wednesday,Week 3,Month 1,Product Engineering,15.63,16.26,0.63,4.0,4.0,0.6283999999999974,0.040204734484964644
2025-01-16,Thursday,Week 3,Month 1,AI Engineering,4.334115,2025-01-16,Thursday,Week 3,Month 1,AI Engineering,4.09,4.33,0.25,6.0,6.0,0.24411499999999986,0.05968581907090462
2025-01-16,Thursday,Week 3,Month 1,Business Analytics,0.36724599999999996,2025-01-16,Thursday,Week 3,Month 1,Business Analytics,0.36,0.37,0.01,3.0,3.0,0.007245999999999975,0.02012777777777771
2025-01-16,Thursday,Week 3,Month 1,Data Engineering,11.85654,2025-01-16,Thursday,Week 3,Month 1,Data Engineering,11.35,11.86,0.51,4.5,4.5,0.5065400000000011,0.04462907488986794
2025-01-16,Thursday,Week 3,Month 1,Platform / Cloud Operations,0.49709,2025-01-16,Thursday,Week 3,Month 1,Platform / Cloud Operations,0.47,0.5,0.02,5.0,5.0,0.027090000000000003,0.057638297872340434
2025-01-16,Thursday,Week 3,Month 1,Product Engineering,0.5241262,2025-01-16,Thursday,Week 3,Month 1,Product Engineering,0.5,0.52,0.02,4.0,4.0,0.024126199999999987,0.04825239999999997
2025-01-17,Friday,Week 3,Month 1,AI Engineering,5.0120000000000005,2025-01-17,Friday,Week 3,Month 1,AI Engineering,4.73,5.01,0.28,6.0,6.0,0.28200000000000003,0.059619450317124734
2025-01-17,Friday,Week 3,Month 1,Business Analytics,28.9808,2025-01-17,Friday,Week 3,Month 1,Business Analytics,28.14,28.98,0.84,3.0,3.0,0.840799999999998,0.02987917555081727
2025-01-17,Friday,Week 3,Month 1,Data Engineering,0.5290244000000001,2025-01-17,Friday,Week 3,Month 1,Data Engineering,0.51,0.53,0.02,4.5,4.5,0.019024400000000052,0.03730274509803932
2025-01-17,Friday,Week 3,Month 1,Platform / Cloud Operations,19.7936,2025-01-17,Friday,Week 3,Month 1,Platform / Cloud Operations,18.85,19.79,0.94,5.0,5.0,0.9436,0.05005835543766578
2025-01-17,Friday,Week 3,Month 1,Product Engineering,14.3326898,2025-01-17,Friday,Week 3,Month 1,Product Engineering,13.78,14.33,0.55,4.0,4.0,0.5526898000000013,0.04010811320754727
2025-01-18,Saturday,Week 3,Month 1,AI Engineering,1.1919,2025-01-18,Saturday,Week 3,Month 1,AI Engineering,1.12,1.19,0.07,6.0,6.0,0.07189999999999985,0.06419642857142843
2025-01-18,Saturday,Week 3,Month 1,Business Analytics,2.1214999999999997,2025-01-18,Saturday,Week 3,Month 1,Business Analytics,2.06,2.12,0.06,3.0,3.0,0.061499999999999666,0.02985436893203867
2025-01-18,Saturday,Week 3,Month 1,Data Engineering,1.1349999999999998,2025-01-18,Saturday,Week 3,Month 1,Data Engineering,1.09,1.14,0.05,4.5,4.5,0.04499999999999971,0.041284403669724495
2025-01-18,Saturday,Week 3,Month 1,Platform / Cloud Operations,3.232,2025-01-18,Saturday,Week 3,Month 1,Platform / Cloud Operations,3.08,3.23,0.15,5.0,5.0,0.15200000000000014,0.049350649350649395
2025-01-18,Saturday,Week 3,Month 1,Product Engineering,3.5484,2025-01-18,Saturday,Week 3,Month 1,Product Engineering,3.41,3.55,0.14,4.0,4.0,0.13839999999999986,0.04058651026392957
2025-01-19,Sunday,Week 3,Month 1,AI Engineering,0.81704,2025-01-19,Sunday,Week 3,Month 1,AI Engineering,0.77,0.82,0.05,6.0,6.0,0.04703999999999997,0.06109090909090905
2025-01-19,Sunday,Week 3,Month 1,Business Analytics,0.0357444,2025-01-19,Sunday,Week 3,Month 1,Business Analytics,0.03,0.04,0.0,3.0,3.0,0.005744400000000004,0.19148000000000012
2025-01-19,Sunday,Week 3,Month 1,Data Engineering,6.44033,2025-01-19,Sunday,Week 3,Month 1,Data Engineering,6.16,6.44,0.28,4.5,4.5,0.2803300000000002,0.045508116883116914
2025-01-19,Sunday,Week 3,Month 1,Platform / Cloud Operations,0.0400546,2025-01-19,Sunday,Week 3,Month 1,Platform / Cloud Operations,0.04,0.04,0.0,5.0,5.0,5.460000000000187e-05,0.0013650000000000467
2025-01-19,Sunday,Week 3,Month 1,Product Engineering,53.2836,2025-01-19,Sunday,Week 3,Month 1,Product Engineering,51.23,53.28,2.05,4.0,4.0,2.053600000000003,0.04008588717548318
2025-01-20,Monday,Week 3,Month 1,AI Engineering,32.201850199999996,2025-01-20,Monday,Week 3,Month 1,AI Engineering,30.38,32.2,1.82,6.0,6.0,1.8218501999999965,0.05996873601053313
2025-01-20,Monday,Week 3,Month 1,Business Analytics,4.2037414,2025-01-20,Monday,Week 3,Month 1,Business Analytics,4.08,4.2,0.12,3.0,3.0,0.12374140000000011,0.03032877450980395
2025-01-20,Monday,Week 3,Month 1,Data Engineering,5.522,2025-01-20,Monday,Week 3,Month 1,Data Engineering,5.28,5.52,0.24,4.5,4.5,0.242,0.04583333333333333
2025-01-20,Monday,Week 3,Month 1,Platform / Cloud Operations,0.6007,2025-01-20,Monday,Week 3,Month 1,Platform / Cloud Operations,0.57,0.6,0.03,5.0,5.0,0.03070000000000006,0.05385964912280713
2025-01-20,Monday,Week 3,Month 1,Product Engineering,3.5736,2025-01-20,Monday,Week 3,Month 1,Product Engineering,3.44,3.57,0.14,4.0,4.0,0.13359999999999994,0.038837209302325565
2025-01-21,Tuesday,Week 3,Month 1,AI Engineering,7.0635,2025-01-21,Tuesday,Week 3,Month 1,AI Engineering,6.66,7.06,0.4,6.0,6.0,0.4035000000000002,0.06058558558558561
2025-01-21,Tuesday,Week 3,Month 1,Business Analytics,19.88,2025-01-21,Tuesday,Week 3,Month 1,Business Analytics,19.3,19.88,0.58,3.0,3.0,0.5799999999999983,0.0300518134715025
2025-01-21,Tuesday,Week 3,Month 1,Data Engineering,2.911,2025-01-21,Tuesday,Week 3,Month 1,Data Engineering,2.79,2.91,0.13,4.5,4.5,0.121,0.043369175627240145
2025-01-21,Tuesday,Week 3,Month 1,Platform / Cloud Operations,30.414,2025-01-21,Tuesday,Week 3,Month 1,Platform / Cloud Operations,28.97,30.41,1.45,5.0,5.0,1.4440000000000026,0.049844666896789874
2025-01-21,Tuesday,Week 3,Month 1,Product Engineering,6.66,2025-01-21,Tuesday,Week 3,Month 1,Product Engineering,6.4,6.66,0.26,4.0,4.0,0.2599999999999998,0.04062499999999997
2025-01-22,Wednesday,Week 4,Month 1,AI Engineering,1.196,2025-01-22,Wednesday,Week 4,Month 1,AI Engineering,1.13,1.2,0.07,6.0,6.0,0.06600000000000006,0.058407079646017754
2025-01-22,Wednesday,Week 4,Month 1,Business Analytics,0.37359319999999996,2025-01-22,Wednesday,Week 4,Month 1,Business Analytics,0.36,0.37,0.01,3.0,3.0,0.013593199999999972,0.037758888888888814
2025-01-22,Wednesday,Week 4,Month 1,Data Engineering,0.8664523999999999,2025-01-22,Wednesday,Week 4,Month 1,Data Engineering,0.83,0.87,0.04,4.5,4.5,0.03645239999999994,0.0439185542168674
2025-01-22,Wednesday,Week 4,Month 1,Platform / Cloud Operations,0.4032414,2025-01-22,Wednesday,Week 4,Month 1,Platform / Cloud Operations,0.38,0.4,0.02,5.0,5.0,0.023241400000000023,0.06116157894736848
2025-01-22,Wednesday,Week 4,Month 1,Product Engineering,45.18300000000001,2025-01-22,Wednesday,Week 4,Month 1,Product Engineering,43.45,45.18,1.74,4.0,4.0,1.733000000000004,0.03988492520138099
2025-01-23,Thursday,Week 4,Month 1,AI Engineering,3.6264000000000003,2025-01-23,Thursday,Week 4,Month 1,AI Engineering,3.42,3.63,0.21,6.0,6.0,0.20640000000000036,0.060350877192982565
2025-01-23,Thursday,Week 4,Month 1,Business Analytics,35.4916,2025-01-23,Thursday,Week 4,Month 1,Business Analytics,34.46,35.49,1.03,3.0,3.0,1.0315999999999974,0.02993615786419029
2025-01-23,Thursday,Week 4,Month 1,Data Engineering,4.0128,2025-01-23,Thursday,Week 4,Month 1,Data Engineering,3.84,4.01,0.17,4.5,4.5,0.1728000000000005,0.04500000000000014
2025-01-23,Thursday,Week 4,Month 1,Platform / Cloud Operations,3.1008000000000004,2025-01-23,Thursday,Week 4,Month 1,Platform / Cloud Operations,2.95,3.1,0.15,5.0,5.0,0.15080000000000027,0.0511186440677967
2025-01-23,Thursday,Week 4,Month 1,Product Engineering,4.882319,2025-01-23,Thursday,Week 4,Month 1,Product Engineering,4.69,4.88,0.19,4.0,4.0,0.19231899999999946,0.04100618336886982
2025-01-24,Friday,Week 4,Month 1,AI Engineering,0.17370000000000002,2025-01-24,Friday,Week 4,Month 1,AI Engineering,0.16,0.17,0.01,6.0,6.0,0.013700000000000018,0.0856250000000001
2025-01-24,Friday,Week 4,Month 1,Business Analytics,19.205,2025-01-24,Friday,Week 4,Month 1,Business Analytics,18.65,19.21,0.56,3.0,3.0,0.5549999999999997,0.02975871313672921
2025-01-24,Friday,Week 4,Month 1,Data Engineering,52.714,2025-01-24,Friday,Week 4,Month 1,Data Engineering,50.44,52.71,2.27,4.5,4.5,2.274000000000001,0.04508326724821572
2025-01-24,Friday,Week 4,Month 1,Platform / Cloud Operations,1.5066,2025-01-24,Friday,Week 4,Month 1,Platform / Cloud Operations,1.43,1.51,0.07,5.0,5.0,0.0766,0.05356643356643357
2025-01-24,Friday,Week 4,Month 1,Product Engineering,13.8859812,2025-01-24,Friday,Week 4,Month 1,Product Engineering,13.35,13.89,0.53,4.0,4.0,0.5359812000000002,0.040148404494382034
2025-01-25,Saturday,Week 4,Month 1,AI Engineering,0.2553372,2025-01-25,Saturday,Week 4,Month 1,AI Engineering,0.24,0.26,0.01,6.0,6.0,0.015337199999999995,0.06390499999999999
2025-01-25,Saturday,Week 4,Month 1,Business Analytics,14.4395,2025-01-25,Saturday,Week 4,Month 1,Business Analytics,14.02,14.44,0.42,3.0,3.0,0.4195000000000011,0.0299215406562055
2025-01-25,Saturday,Week 4,Month 1,Data Engineering,13.707600000000001,2025-01-25,Saturday,Week 4,Month 1,Data Engineering,13.12,13.71,0.59,4.5,4.5,0.5876000000000019,0.04478658536585381
2025-01-25,Saturday,Week 4,Month 1,Platform / Cloud Operations,0.9608,2025-01-25,Saturday,Week 4,Month 1,Platform / Cloud Operations,0.92,0.96,0.05,5.0,5.0,0.04079999999999995,0.04434782608695646
2025-01-25,Saturday,Week 4,Month 1,Product Engineering,0.25156599999999996,2025-01-25,Saturday,Week 4,Month 1,Product Engineering,0.24,0.25,0.01,4.0,4.0,0.011565999999999965,0.04819166666666652
2025-01-26,Sunday,Week 4,Month 1,AI Engineering,13.549199999999999,2025-01-26,Sunday,Week 4,Month 1,AI Engineering,12.78,13.55,0.77,6.0,6.0,0.7691999999999997,0.060187793427230026
2025-01-26,Sunday,Week 4,Month 1,Business Analytics,44.89960000000001,2025-01-26,Sunday,Week 4,Month 1,Business Analytics,43.59,44.9,1.31,3.0,3.0,1.3096000000000032,0.030043587978894313
2025-01-26,Sunday,Week 4,Month 1,Data Engineering,3.9109768000000003,2025-01-26,Sunday,Week 4,Month 1,Data Engineering,3.74,3.91,0.17,4.5,4.5,0.17097680000000004,0.0457157219251337
2025-01-26,Sunday,Week 4,Month 1,Platform / Cloud Operations,1.6252,2025-01-26,Sunday,Week 4,Month 1,Platform / Cloud Operations,1.55,1.63,0.08,5.0,5.0,0.07519999999999993,0.04851612903225802
2025-01-26,Sunday,Week 4,Month 1,Product Engineering,42.14849,2025-01-26,Sunday,Week 4,Month 1,Product Engineering,40.53,42.15,1.62,4.0,4.0,1.6184900000000013,0.03993313594868002
2025-01-27,Monday,Week 4,Month 1,AI Engineering,2.533,2025-01-27,Monday,Week 4,Month 1,AI Engineering,2.39,2.53,0.14,6.0,6.0,0.1429999999999998,0.05983263598326351
2025-01-27,Monday,Week 4,Month 1,Business Analytics,0.9927,2025-01-27,Monday,Week 4,Month 1,Business Analytics,0.96,0.99,0.03,3.0,3.0,0.03270000000000006,0.034062500000000065
2025-01-27,Monday,Week 4,Month 1,Data Engineering,0.19296999999999997,2025-01-27,Monday,Week 4,Month 1,Data Engineering,0.18,0.19,0.01,4.5,4.5,0.012969999999999982,0.07205555555555546
2025-01-27,Monday,Week 4,Month 1,Platform / Cloud Operations,19.9716,2025-01-27,Monday,Week 4,Month 1,Platform / Cloud Operations,19.02,19.97,0.95,5.0,5.0,0.9515999999999991,0.05003154574132487
2025-01-27,Monday,Week 4,Month 1,Product Engineering,16.676164200000002,2025-01-27,Monday,Week 4,Month 1,Product Engineering,16.03,16.68,0.64,4.0,4.0,0.6461642000000012,0.04030968184653781
2025-01-28,Tuesday,Week 4,Month 1,AI Engineering,1.9236,2025-01-28,Tuesday,Week 4,Month 1,AI Engineering,1.81,1.92,0.11,6.0,6.0,0.11359999999999992,0.06276243093922647
2025-01-28,Tuesday,Week 4,Month 1,Business Analytics,3.8417000000000003,2025-01-28,Tuesday,Week 4,Month 1,Business Analytics,3.73,3.84,0.11,3.0,3.0,0.11170000000000035,0.029946380697051033
2025-01-28,Tuesday,Week 4,Month 1,Data Engineering,6.1892000000000005,2025-01-28,Tuesday,Week 4,Month 1,Data Engineering,5.92,6.19,0.27,4.5,4.5,0.26920000000000055,0.045472972972973064
2025-01-28,Tuesday,Week 4,Month 1,Platform / Cloud Operations,17.774,2025-01-28,Tuesday,Week 4,Month 1,Platform / Cloud Operations,16.93,17.77,0.85,5.0,5.0,0.8440000000000012,0.04985233313644425
2025-01-28,Tuesday,Week 4,Month 1,Product Engineering,0.0214294,2025-01-28,Tuesday,Week 4,Month 1,Product Engineering,0.02,0.02,0.0,4.0,4.0,0.0014294000000000008,0.07147000000000003
2025-01-29,Wednesday,Week 5,Month 2,AI Engineering,0.0082882,2025-01-29,Wednesday,Week 5,Month 2,AI Engineering,0.01,0.01,0.0,7.0,7.0,-0.0017117999999999994,-0.17117999999999994
2025-01-29,Wednesday,Week 5,Month 2,Business Analytics,1.7126900000000003,2025-01-29,Wednesday,Week 5,Month 2,Business Analytics,1.65,1.71,0.07,4.0,4.0,0.06269000000000036,0.037993939393939614
2025-01-29,Wednesday,Week 5,Month 2,Data Engineering,18.410800000000002,2025-01-29,Wednesday,Week 5,Month 2,Data Engineering,17.45,18.41,0.96,5.5,5.5,0.9608000000000025,0.055060171919770924
2025-01-29,Wednesday,Week 5,Month 2,Platform / Cloud Operations,0.3296172,2025-01-29,Wednesday,Week 5,Month 2,Platform / Cloud Operations,0.31,0.33,0.02,6.0,6.0,0.0196172,0.06328129032258065
2025-01-29,Wednesday,Week 5,Month 2,Product Engineering,22.2632,2025-01-29,Wednesday,Week 5,Month 2,Product Engineering,21.2,22.26,1.06,5.0,5.0,1.063200000000002,0.050150943396226506
2025-01-30,Thursday,Week 5,Month 2,AI Engineering,3.8916000000000004,2025-01-30,Thursday,Week 5,Month 2,AI Engineering,3.64,3.89,0.25,7.0,7.0,0.25160000000000027,0.06912087912087919
2025-01-30,Thursday,Week 5,Month 2,Business Analytics,35.64960000000001,2025-01-30,Thursday,Week 5,Month 2,Business Analytics,34.28,35.65,1.37,4.0,4.0,1.3696000000000055,0.0399533255542592
2025-01-30,Thursday,Week 5,Month 2,Data Engineering,4.19423,2025-01-30,Thursday,Week 5,Month 2,Data Engineering,3.98,4.19,0.22,5.5,5.5,0.21423000000000014,0.05382663316582918
2025-01-30,Thursday,Week 5,Month 2,Platform / Cloud Operations,0.77552,2025-01-30,Thursday,Week 5,Month 2,Platform / Cloud Operations,0.73,0.78,0.04,6.0,6.0,0.045520000000000005,0.06235616438356165
2025-01-30,Thursday,Week 5,Month 2,Product Engineering,5.74118,2025-01-30,Thursday,Week 5,Month 2,Product Engineering,5.47,5.74,0.27,5.0,5.0,0.2711800000000002,0.049575868372943366
2025-01-31,Friday,Week 5,Month 2,AI Engineering,0.24454640000000002,2025-01-31,Friday,Week 5,Month 2,AI Engineering,0.23,0.24,0.02,7.0,7.0,0.014546400000000015,0.06324521739130441
2025-01-31,Friday,Week 5,Month 2,Business Analytics,55.270399999999995,2025-01-31,Friday,Week 5,Month 2,Business Analytics,53.14,55.27,2.13,4.0,4.0,2.1303999999999945,0.040090327436958874
2025-01-31,Friday,Week 5,Month 2,Data Engineering,2.79727,2025-01-31,Friday,Week 5,Month 2,Data Engineering,2.65,2.8,0.15,5.5,5.5,0.14727000000000023,0.055573584905660466
2025-01-31,Friday,Week 5,Month 2,Platform / Cloud Operations,10.1545172,2025-01-31,Friday,Week 5,Month 2,Platform / Cloud Operations,9.58,10.15,0.57,6.0,6.0,0.5745172000000007,0.059970480167014686
2025-01-31,Friday,Week 5,Month 2,Product Engineering,9.6376,2025-01-31,Friday,Week 5,Month 2,Product Engineering,9.18,9.64,0.46,5.0,5.0,0.4576000000000011,0.04984749455337703
2025-02-01,Saturday,Week 5,Month 2,AI Engineering,4.743799999999999,2025-02-01,Saturday,Week 5,Month 2,AI Engineering,4.43,4.74,0.31,7.0,7.0,0.31379999999999963,0.07083521444695252
2025-02-01,Saturday,Week 5,Month 2,Business Analytics,9.826500000000001,2025-02-01,Saturday,Week 5,Month 2,Business Analytics,9.45,9.83,0.38,4.0,4.0,0.37650000000000183,0.03984126984127004
2025-02-01,Saturday,Week 5,Month 2,Data Engineering,64.749,2025-02-01,Saturday,Week 5,Month 2,Data Engineering,61.37,64.75,3.38,5.5,5.5,3.378999999999998,0.05505947531367114
2025-02-01,Saturday,Week 5,Month 2,Platform / Cloud Operations,18.852022400000003,2025-02-01,Saturday,Week 5,Month 2,Platform / Cloud Operations,17.78,18.85,1.07,6.0,6.0,1.0720224000000016,0.06029372328458951
2025-02-01,Saturday,Week 5,Month 2,Product Engineering,2.0652,2025-02-01,Saturday,Week 5,Month 2,Product Engineering,1.97,2.07,0.1,5.0,5.0,0.09519999999999995,0.048324873096446674
2025-02-02,Sunday,Week 5,Month 2,AI Engineering,65.86500000000001,2025-02-02,Sunday,Week 5,Month 2,AI Engineering,61.56,65.87,4.31,7.0,7.0,4.305000000000007,0.06993177387914241
2025-02-02,Sunday,Week 5,Month 2,Business Analytics,1.3287908,2025-02-02,Sunday,Week 5,Month 2,Business Analytics,1.28,1.33,0.05,4.0,4.0,0.04879079999999991,0.03811781249999993
2025-02-02,Sunday,Week 5,Month 2,Data Engineering,1.53116,2025-02-02,Sunday,Week 5,Month 2,Data Engineering,1.45,1.53,0.08,5.5,5.5,0.08116000000000012,0.05597241379310353
2025-02-02,Sunday,Week 5,Month 2,Platform / Cloud Operations,1.46875,2025-02-02,Sunday,Week 5,Month 2,Platform / Cloud Operations,1.39,1.47,0.08,6.0,6.0,0.0787500000000001,0.05665467625899288
2025-02-02,Sunday,Week 5,Month 2,Product Engineering,1.1924998000000002,2025-02-02,Sunday,Week 5,Month 2,Product Engineering,1.14,1.19,0.06,5.0,5.0,0.05249980000000032,0.04605245614035116
2025-02-03,Monday,Week 5,Month 2,AI Engineering,0.0208924,2025-02-03,Monday,Week 5,Month 2,AI Engineering,0.02,0.02,0.0,7.0,7.0,0.0008923999999999981,0.0446199999999999
2025-02-03,Monday,Week 5,Month 2,Business Analytics,24.606,2025-02-03,Monday,Week 5,Month 2,Business Analytics,23.66,24.61,0.95,4.0,4.0,0.9460000000000015,0.03998309382924774
2025-02-03,Monday,Week 5,Month 2,Data Engineering,0.4491,2025-02-03,Monday,Week 5,Month 2,Data Engineering,0.43,0.45,0.02,5.5,5.5,0.019100000000000006,0.044418604651162805
2025-02-03,Monday,Week 5,Month 2,Platform / Cloud Operations,1.163949,2025-02-03,Monday,Week 5,Month 2,Platform / Cloud Operations,1.1,1.16,0.07,6.0,6.0,0.06394899999999981,0.05813545454545437
2025-02-03,Monday,Week 5,Month 2,Product Engineering,6.224737600000001,2025-02-03,Monday,Week 5,Month 2,Product Engineering,5.93,6.22,0.3,5.0,5.0,0.29473760000000127,0.04970279932546396
2025-02-04,Tuesday,Week 5,Month 2,AI Engineering,30.642500000000002,2025-02-04,Tuesday,Week 5,Month 2,AI Engineering,28.64,30.64,2.0,7.0,7.0,2.0025000000000013,0.0699196927374302
2025-02-04,Tuesday,Week 5,Month 2,Business Analytics,4.67946,2025-02-04,Tuesday,Week 5,Month 2,Business Analytics,4.5,4.68,0.18,4.0,4.0,0.17945999999999973,0.03987999999999994
2025-02-04,Tuesday,Week 5,Month 2,Data Engineering,3.2018,2025-02-04,Tuesday,Week 5,Month 2,Data Engineering,3.03,3.2,0.17,5.5,5.5,0.17180000000000017,0.05669966996699676
2025-02-04,Tuesday,Week 5,Month 2,Platform / Cloud Operations,5.716468000000001,2025-02-04,Tuesday,Week 5,Month 2,Platform / Cloud Operations,5.39,5.72,0.32,6.0,6.0,0.3264680000000011,0.06056920222634529
2025-02-04,Tuesday,Week 5,Month 2,Product Engineering,5.279,2025-02-04,Tuesday,Week 5,Month 2,Product Engineering,5.03,5.28,0.25,5.0,5.0,0.24899999999999967,0.0495029821073558
2025-02-05,Wednesday,Week 6,Month 2,AI Engineering,6.2124,2025-02-05,Wednesday,Week 6,Month 2,AI Engineering,5.81,6.21,0.41,7.0,7.0,0.4024000000000001,0.06925989672977627
2025-02-05,Wednesday,Week 6,Month 2,Business Analytics,1.8769,2025-02-05,Wednesday,Week 6,Month 2,Business Analytics,1.8,1.88,0.07,4.0,4.0,0.07689999999999997,0.0427222222222222
2025-02-05,Wednesday,Week 6,Month 2,Data Engineering,3.74928,2025-02-05,Wednesday,Week 6,Month 2,Data Engineering,3.55,3.75,0.2,5.5,5.5,0.19928000000000035,0.056135211267605734
2025-02-05,Wednesday,Week 6,Month 2,Platform / Cloud Operations,0.7243,2025-02-05,Wednesday,Week 6,Month 2,Platform / Cloud Operations,0.68,0.72,0.04,6.0,6.0,0.044300000000000006,0.06514705882352942
2025-02-05,Wednesday,Week 6,Month 2,Product Engineering,7.9717984,2025-02-05,Wednesday,Week 6,Month 2,Product Engineering,7.59,7.97,0.38,5.0,5.0,0.3817984000000001,0.050302819499341254
2025-02-06,Thursday,Week 6,Month 2,AI Engineering,3.0792,2025-02-06,Thursday,Week 6,Month 2,AI Engineering,2.88,3.08,0.2,7.0,7.0,0.19920000000000027,0.06916666666666677
2025-02-06,Thursday,Week 6,Month 2,Business Analytics,6.157030000000001,2025-02-06,Thursday,Week 6,Month 2,Business Analytics,5.92,6.16,0.24,4.0,4.0,0.23703000000000074,0.040038851351351476
2025-02-06,Thursday,Week 6,Month 2,Data Engineering,7.196,2025-02-06,Thursday,Week 6,Month 2,Data Engineering,6.82,7.2,0.38,5.5,5.5,0.37599999999999945,0.05513196480938408
2025-02-06,Thursday,Week 6,Month 2,Platform / Cloud Operations,5.76391,2025-02-06,Thursday,Week 6,Month 2,Platform / Cloud Operations,5.44,5.76,0.33,6.0,6.0,0.3239099999999997,0.05954227941176465
2025-02-06,Thursday,Week 6,Month 2,Product Engineering,3.2804000000000006,2025-02-06,Thursday,Week 6,Month 2,Product Engineering,3.12,3.28,0.16,5.0,5.0,0.16040000000000054,0.05141025641025658
2025-02-07,Friday,Week 6,Month 2,AI Engineering,1.676,2025-02-07,Friday,Week 6,Month 2,AI Engineering,1.57,1.68,0.11,7.0,7.0,0.10599999999999987,0.0675159235668789
2025-02-07,Friday,Week 6,Month 2,Business Analytics,4.48399,2025-02-07,Friday,Week 6,Month 2,Business Analytics,4.31,4.48,0.17,4.0,4.0,0.17399000000000076,0.0403689095127612
2025-02-07,Friday,Week 6,Month 2,Data Engineering,14.696200000000001,2025-02-07,Friday,Week 6,Month 2,Data Engineering,13.93,14.7,0.77,5.5,5.5,0.7662000000000013,0.05500358937544877
2025-02-07,Friday,Week 6,Month 2,Platform / Cloud Operations,0.5288,2025-02-07,Friday,Week 6,Month 2,Platform / Cloud Operations,0.5,0.53,0.03,6.0,6.0,0.028800000000000048,0.057600000000000096
2025-02-07,Friday,Week 6,Month 2,Product Engineering,0.0502008,2025-02-07,Friday,Week 6,Month 2,Product Engineering,0.05,0.05,0.0,5.0,5.0,0.00020079999999999404,0.004015999999999881
2025-02-08,Saturday,Week 6,Month 2,AI Engineering,22.058,2025-02-08,Saturday,Week 6,Month 2,AI Engineering,20.61,22.06,1.44,7.0,7.0,1.4480000000000004,0.07025715672003884
2025-02-08,Saturday,Week 6,Month 2,Business Analytics,0.32821,2025-02-08,Saturday,Week 6,Month 2,Business Analytics,0.32,0.33,0.01,4.0,4.0,0.008209999999999995,0.025656249999999985
2025-02-08,Saturday,Week 6,Month 2,Data Engineering,0.83485,2025-02-08,Saturday,Week 6,Month 2,Data Engineering,0.79,0.83,0.04,5.5,5.5,0.044849999999999945,0.05677215189873411
2025-02-08,Saturday,Week 6,Month 2,Platform / Cloud Operations,15.2734,2025-02-08,Saturday,Week 6,Month 2,Platform / Cloud Operations,14.41,15.27,0.86,6.0,6.0,0.8634000000000004,0.0599167244968772
2025-02-08,Saturday,Week 6,Month 2,Product Engineering,0.1470156,2025-02-08,Saturday,Week 6,Month 2,Product Engineering,0.14,0.15,0.01,5.0,5.0,0.007015599999999983,0.050111428571428446
2025-02-09,Sunday,Week 6,Month 2,AI Engineering,14.47241,2025-02-09,Sunday,Week 6,Month 2,AI Engineering,13.53,14.47,0.95,7.0,7.0,0.9424100000000006,0.06965336289726538
2025-02-09,Sunday,Week 6,Month 2,Business Analytics,1.23702,2025-02-09,Sunday,Week 6,Month 2,Business Analytics,1.19,1.24,0.05,4.0,4.0,0.04702000000000006,0.03951260504201686
2025-02-09,Sunday,Week 6,Month 2,Data Engineering,1.4655000000000002,2025-02-09,Sunday,Week 6,Month 2,Data Engineering,1.39,1.47,0.08,5.5,5.5,0.07550000000000034,0.05431654676259018
2025-02-09,Sunday,Week 6,Month 2,Platform / Cloud Operations,4.299110000000001,2025-02-09,Sunday,Week 6,Month 2,Platform / Cloud Operations,4.06,4.3,0.24,6.0,6.0,0.23911000000000104,0.058894088669951
2025-02-09,Sunday,Week 6,Month 2,Product Engineering,42.75880000000001,2025-02-09,Sunday,Week 6,Month 2,Product Engineering,40.72,42.76,2.04,5.0,5.0,2.038800000000009,0.050068762278978614
2025-02-10,Monday,Week 6,Month 2,AI Engineering,5.031,2025-02-10,Monday,Week 6,Month 2,AI Engineering,4.7,5.03,0.33,7.0,7.0,0.3309999999999995,0.07042553191489351
2025-02-10,Monday,Week 6,Month 2,Business Analytics,19.0218,2025-02-10,Monday,Week 6,Month 2,Business Analytics,18.29,19.02,0.73,4.0,4.0,0.7317999999999998,0.0400109349371241
2025-02-10,Monday,Week 6,Month 2,Data Engineering,1.7408868,2025-02-10,Monday,Week 6,Month 2,Data Engineering,1.65,1.74,0.09,5.5,5.5,0.09088680000000005,0.05508290909090912
2025-02-10,Monday,Week 6,Month 2,Platform / Cloud Operations,4.65211,2025-02-10,Monday,Week 6,Month 2,Platform / Cloud Operations,4.39,4.65,0.26,6.0,6.0,0.26211000000000073,0.05970615034168582
2025-02-10,Monday,Week 6,Month 2,Product Engineering,1.5473000000000001,2025-02-10,Monday,Week 6,Month 2,Product Engineering,1.47,1.55,0.07,5.0,5.0,0.07730000000000015,0.05258503401360554
2025-02-11,Tuesday,Week 6,Month 2,AI Engineering,0.795387,2025-02-11,Tuesday,Week 6,Month 2,AI Engineering,0.74,0.8,0.05,7.0,7.0,0.055386999999999964,0.07484729729729725
2025-02-11,Tuesday,Week 6,Month 2,Business Analytics,1.4516,2025-02-11,Tuesday,Week 6,Month 2,Business Analytics,1.4,1.45,0.06,4.0,4.0,0.05160000000000009,0.03685714285714292
2025-02-11,Tuesday,Week 6,Month 2,Data Engineering,8.155454200000001,2025-02-11,Tuesday,Week 6,Month 2,Data Engineering,7.73,8.16,0.43,5.5,5.5,0.4254542000000008,0.055039353169469694
2025-02-11,Tuesday,Week 6,Month 2,Platform / Cloud Operations,0.41000000000000003,2025-02-11,Tuesday,Week 6,Month 2,Platform / Cloud Operations,0.39,0.41,0.02,6.0,6.0,0.020000000000000018,0.05128205128205133
2025-02-11,Tuesday,Week 6,Month 2,Product Engineering,53.296,2025-02-11,Tuesday,Week 6,Month 2,Product Engineering,50.76,53.3,2.54,5.0,5.0,2.5360000000000014,0.04996059889676914
2025-02-12,Wednesday,Week 7,Month 2,AI Engineering,6.7254000000000005,2025-02-12,Wednesday,Week 7,Month 2,AI Engineering,6.29,6.73,0.44,7.0,7.0,0.43540000000000045,0.069220985691574
2025-02-12,Wednesday,Week 7,Month 2,Business Analytics,49.67,2025-02-12,Wednesday,Week 7,Month 2,Business Analytics,47.76,49.67,1.91,4.0,4.0,1.9100000000000037,0.039991624790619844
2025-02-12,Wednesday,Week 7,Month 2,Data Engineering,7.6048,2025-02-12,Wednesday,Week 7,Month 2,Data Engineering,7.21,7.6,0.4,5.5,5.5,0.39480000000000004,0.05475728155339806
2025-02-12,Wednesday,Week 7,Month 2,Platform / Cloud Operations,15.058200000000001,2025-02-12,Wednesday,Week 7,Month 2,Platform / Cloud Operations,14.21,15.06,0.85,6.0,6.0,0.8482000000000003,0.05969035890218158
2025-02-12,Wednesday,Week 7,Month 2,Product Engineering,1.78974,2025-02-12,Wednesday,Week 7,Month 2,Product Engineering,1.7,1.79,0.09,5.0,5.0,0.08974000000000015,0.05278823529411774
2025-02-13,Thursday,Week 7,Month 2,AI Engineering,1.14344,2025-02-13,Thursday,Week 7,Month 2,AI Engineering,1.07,1.14,0.07,7.0,7.0,0.07343999999999995,0.06863551401869154
2025-02-13,Thursday,Week 7,Month 2,Business Analytics,40.31968,2025-02-13,Thursday,Week 7,Month 2,Business Analytics,38.77,40.32,1.55,4.0,4.0,1.549679999999995,0.03997111168429185
2025-02-13,Thursday,Week 7,Month 2,Data Engineering,22.969599600000002,2025-02-13,Thursday,Week 7,Month 2,Data Engineering,21.77,22.97,1.2,5.5,5.5,1.1995996000000027,0.055103334864492544
2025-02-13,Thursday,Week 7,Month 2,Platform / Cloud Operations,35.2190356,2025-02-13,Thursday,Week 7,Month 2,Platform / Cloud Operations,33.23,35.22,1.99,6.0,6.0,1.9890356000000011,0.059856623532952194
2025-02-13,Thursday,Week 7,Month 2,Product Engineering,2.04454,2025-02-13,Thursday,Week 7,Month 2,Product Engineering,1.95,2.04,0.1,5.0,5.0,0.09454000000000007,0.04848205128205132
2025-02-14,Friday,Week 7,Month 2,AI Engineering,14.78201,2025-02-14,Friday,Week 7,Month 2,AI Engineering,13.81,14.78,0.97,7.0,7.0,0.9720099999999992,0.07038450398262122
2025-02-14,Friday,Week 7,Month 2,Business Analytics,43.4908,2025-02-14,Friday,Week 7,Month 2,Business Analytics,41.82,43.49,1.67,4.0,4.0,1.6707999999999998,0.039952175992348155
2025-02-14,Friday,Week 7,Month 2,Data Engineering,43.781,2025-02-14,Friday,Week 7,Month 2,Data Engineering,41.5,43.78,2.28,5.5,5.5,2.280999999999999,0.05496385542168672
2025-02-14,Friday,Week 7,Month 2,Platform / Cloud Operations,0.8729015999999999,2025-02-14,Friday,Week 7,Month 2,Platform / Cloud Operations,0.82,0.87,0.05,6.0,6.0,0.05290159999999999,0.06451414634146341
2025-02-14,Friday,Week 7,Month 2,Product Engineering,18.4356956,2025-02-14,Friday,Week 7,Month 2,Product Engineering,17.56,18.44,0.88,5.0,5.0,0.8756956000000002,0.049868769931662886
2025-02-15,Saturday,Week 7,Month 2,AI Engineering,5.27874,2025-02-15,Saturday,Week 7,Month 2,AI Engineering,4.93,5.28,0.35,7.0,7.0,0.34874000000000027,0.070738336713996
2025-02-15,Saturday,Week 7,Month 2,Business Analytics,51.4258,2025-02-15,Saturday,Week 7,Month 2,Business Analytics,49.45,51.43,1.98,4.0,4.0,1.9757999999999996,0.03995551061678462
2025-02-15,Saturday,Week 7,Month 2,Data Engineering,9.917,2025-02-15,Saturday,Week 7,Month 2,Data Engineering,9.4,9.92,0.52,5.5,5.5,0.5169999999999995,0.05499999999999994
2025-02-15,Saturday,Week 7,Month 2,Platform / Cloud Operations,11.4688,2025-02-15,Saturday,Week 7,Month 2,Platform / Cloud Operations,10.82,11.47,0.65,6.0,6.0,0.6487999999999996,0.05996303142329017
2025-02-15,Saturday,Week 7,Month 2,Product Engineering,2.6864,2025-02-15,Saturday,Week 7,Month 2,Product Engineering,2.56,2.69,0.13,5.0,5.0,0.12639999999999985,0.04937499999999994
2025-02-16,Sunday,Week 7,Month 2,AI Engineering,52.79,2025-02-16,Sunday,Week 7,Month 2,AI Engineering,49.34,52.79,3.45,7.0,7.0,3.4499999999999957,0.06992298338062415
2025-02-16,Sunday,Week 7,Month 2,Business Analytics,15.01529,2025-02-16,Sunday,Week 7,Month 2,Business Analytics,14.44,15.02,0.58,4.0,4.0,0.5752900000000007,0.03984002770083108
2025-02-16,Sunday,Week 7,Month 2,Data Engineering,55.164,2025-02-16,Sunday,Week 7,Month 2,Data Engineering,52.29,55.16,2.88,5.5,5.5,2.8740000000000023,0.05496270797475621
2025-02-16,Sunday,Week 7,Month 2,Platform / Cloud Operations,1.6918,2025-02-16,Sunday,Week 7,Month 2,Platform / Cloud Operations,1.6,1.69,0.1,6.0,6.0,0.09179999999999988,0.057374999999999926
2025-02-16,Sunday,Week 7,Month 2,Product Engineering,53.1244,2025-02-16,Sunday,Week 7,Month 2,Product Engineering,50.59,53.12,2.53,5.0,5.0,2.534399999999998,0.05009685708638066
2025-02-17,Monday,Week 7,Month 2,AI Engineering,2.9506810000000003,2025-02-17,Monday,Week 7,Month 2,AI Engineering,2.76,2.95,0.19,7.0,7.0,0.19068100000000054,0.0690873188405799
2025-02-17,Monday,Week 7,Month 2,Business Analytics,4.8759562,2025-02-17,Monday,Week 7,Month 2,Business Analytics,4.69,4.88,0.19,4.0,4.0,0.18595619999999968,0.039649509594882656
2025-02-17,Monday,Week 7,Month 2,Data Engineering,49.6432,2025-02-17,Monday,Week 7,Month 2,Data Engineering,47.06,49.64,2.59,5.5,5.5,2.583199999999998,0.05489162770930722
2025-02-17,Monday,Week 7,Month 2,Platform / Cloud Operations,49.993,2025-02-17,Monday,Week 7,Month 2,Platform / Cloud Operations,47.16,49.99,2.83,6.0,6.0,2.8330000000000055,0.06007209499575924
2025-02-17,Monday,Week 7,Month 2,Product Engineering,1.4370999999999998,2025-02-17,Monday,Week 7,Month 2,Product Engineering,1.37,1.44,0.07,5.0,5.0,0.06709999999999972,0.04897810218978081
2025-02-18,Tuesday,Week 7,Month 2,AI Engineering,19.9185,2025-02-18,Tuesday,Week 7,Month 2,AI Engineering,18.62,19.92,1.3,7.0,7.0,1.2985000000000007,0.0697368421052632
2025-02-18,Tuesday,Week 7,Month 2,Business Analytics,41.861,2025-02-18,Tuesday,Week 7,Month 2,Business Analytics,40.25,41.86,1.61,4.0,4.0,1.610999999999997,0.040024844720496826
2025-02-18,Tuesday,Week 7,Month 2,Data Engineering,2.0704,2025-02-18,Tuesday,Week 7,Month 2,Data Engineering,1.96,2.07,0.11,5.5,5.5,0.11039999999999983,0.05632653061224481
2025-02-18,Tuesday,Week 7,Month 2,Platform / Cloud Operations,1.6989999999999998,2025-02-18,Tuesday,Week 7,Month 2,Platform / Cloud Operations,1.6,1.7,0.1,6.0,6.0,0.09899999999999975,0.06187499999999985
2025-02-18,Tuesday,Week 7,Month 2,Product Engineering,0.8868999999999999,2025-02-18,Tuesday,Week 7,Month 2,Product Engineering,0.84,0.89,0.04,5.0,5.0,0.04689999999999994,0.05583333333333326
2025-02-19,Wednesday,Week 8,Month 2,AI Engineering,2.3862,2025-02-19,Wednesday,Week 8,Month 2,AI Engineering,2.23,2.39,0.16,7.0,7.0,0.15620000000000012,0.07004484304932741
2025-02-19,Wednesday,Week 8,Month 2,Business Analytics,0.5983466000000001,2025-02-19,Wednesday,Week 8,Month 2,Business Analytics,0.58,0.6,0.02,4.0,4.0,0.0183466000000001,0.03163206896551742
2025-02-19,Wednesday,Week 8,Month 2,Data Engineering,11.4412,2025-02-19,Wednesday,Week 8,Month 2,Data Engineering,10.84,11.44,0.6,5.5,5.5,0.6012000000000004,0.05546125461254616
2025-02-19,Wednesday,Week 8,Month 2,Platform / Cloud Operations,17.2748,2025-02-19,Wednesday,Week 8,Month 2,Platform / Cloud Operations,16.3,17.27,0.98,6.0,6.0,0.9747999999999983,0.059803680981594984
2025-02-19,Wednesday,Week 8,Month 2,Product Engineering,14.55026,2025-02-19,Wednesday,Week 8,Month 2,Product Engineering,13.86,14.55,0.69,5.0,5.0,0.6902600000000003,0.04980230880230883
2025-02-20,Thursday,Week 8,Month 2,AI Engineering,1.8192300000000001,2025-02-20,Thursday,Week 8,Month 2,AI Engineering,1.7,1.82,0.12,7.0,7.0,0.11923000000000017,0.07013529411764716
2025-02-20,Thursday,Week 8,Month 2,Business Analytics,34.942,2025-02-20,Thursday,Week 8,Month 2,Business Analytics,33.6,34.94,1.34,4.0,4.0,1.3419999999999987,0.03994047619047615
2025-02-20,Thursday,Week 8,Month 2,Data Engineering,0.6797,2025-02-20,Thursday,Week 8,Month 2,Data Engineering,0.64,0.68,0.04,5.5,5.5,0.03969999999999996,0.062031249999999934
2025-02-20,Thursday,Week 8,Month 2,Platform / Cloud Operations,7.0976,2025-02-20,Thursday,Week 8,Month 2,Platform / Cloud Operations,6.7,7.1,0.4,6.0,6.0,0.39759999999999973,0.05934328358208951
2025-02-20,Thursday,Week 8,Month 2,Product Engineering,13.5270884,2025-02-20,Thursday,Week 8,Month 2,Product Engineering,12.88,13.53,0.64,5.0,5.0,0.6470883999999995,0.050239782608695605
2025-02-21,Friday,Week 8,Month 2,AI Engineering,34.95114,2025-02-21,Friday,Week 8,Month 2,AI Engineering,32.66,34.95,2.29,7.0,7.0,2.2911400000000057,0.07015125535823656
2025-02-21,Friday,Week 8,Month 2,Business Analytics,0.97149,2025-02-21,Friday,Week 8,Month 2,Business Analytics,0.93,0.97,0.04,4.0,4.0,0.041489999999999916,0.04461290322580636
2025-02-21,Friday,Week 8,Month 2,Data Engineering,1.4162500000000002,2025-02-21,Friday,Week 8,Month 2,Data Engineering,1.34,1.42,0.07,5.5,5.5,0.07625000000000015,0.056902985074626974
2025-02-21,Friday,Week 8,Month 2,Platform / Cloud Operations,0.21127079999999998,2025-02-21,Friday,Week 8,Month 2,Platform / Cloud Operations,0.2,0.21,0.01,6.0,6.0,0.01127079999999997,0.05635399999999985
2025-02-21,Friday,Week 8,Month 2,Product Engineering,0.1558,2025-02-21,Friday,Week 8,Month 2,Product Engineering,0.15,0.16,0.01,5.0,5.0,0.0058,0.03866666666666667
2025-02-22,Saturday,Week 8,Month 2,AI Engineering,0.66659,2025-02-22,Saturday,Week 8,Month 2,AI Engineering,0.62,0.67,0.04,7.0,7.0,0.04659000000000002,0.07514516129032262
2025-02-22,Saturday,Week 8,Month 2,Business Analytics,28.179000000000002,2025-02-22,Saturday,Week 8,Month 2,Business Analytics,27.1,28.18,1.08,4.0,4.0,1.0790000000000006,0.039815498154981574
2025-02-22,Saturday,Week 8,Month 2,Data Engineering,6.386100000000001,2025-02-22,Saturday,Week 8,Month 2,Data Engineering,6.05,6.39,0.33,5.5,5.5,0.33610000000000095,0.05555371900826462
2025-02-22,Saturday,Week 8,Month 2,Platform / Cloud Operations,0.2866436,2025-02-22,Saturday,Week 8,Month 2,Platform / Cloud Operations,0.27,0.29,0.02,6.0,6.0,0.01664359999999998,0.061642962962962886
2025-02-22,Saturday,Week 8,Month 2,Product Engineering,18.7416,2025-02-22,Saturday,Week 8,Month 2,Product Engineering,17.85,18.74,0.89,5.0,5.0,0.8915999999999968,0.04994957983193259
2025-02-23,Sunday,Week 8,Month 2,AI Engineering,38.3196,2025-02-23,Sunday,Week 8,Month 2,AI Engineering,35.81,38.32,2.51,7.0,7.0,2.509599999999999,0.07008098296565202
2025-02-23,Sunday,Week 8,Month 2,Business Analytics,1.82189,2025-02-23,Sunday,Week 8,Month 2,Business Analytics,1.75,1.82,0.07,4.0,4.0,0.07189000000000001,0.041080000000000005
2025-02-23,Sunday,Week 8,Month 2,Data Engineering,45.634,2025-02-23,Sunday,Week 8,Month 2,Data Engineering,43.25,45.63,2.38,5.5,5.5,2.3840000000000003,0.055121387283237004
2025-02-23,Sunday,Week 8,Month 2,Platform / Cloud Operations,13.052620000000001,2025-02-23,Sunday,Week 8,Month 2,Platform / Cloud Operations,12.31,13.05,0.74,6.0,6.0,0.7426200000000005,0.060326563769293295
2025-02-23,Sunday,Week 8,Month 2,Product Engineering,0.58704,2025-02-23,Sunday,Week 8,Month 2,Product Engineering,0.56,0.59,0.03,5.0,5.0,0.027039999999999953,0.048285714285714196
2025-02-24,Monday,Week 8,Month 2,AI Engineering,1.1335000000000002,2025-02-24,Monday,Week 8,Month 2,AI Engineering,1.06,1.13,0.07,7.0,7.0,0.07350000000000012,0.06933962264150954
2025-02-24,Monday,Week 8,Month 2,Business Analytics,1.6864000000000001,2025-02-24,Monday,Week 8,Month 2,Business Analytics,1.62,1.69,0.06,4.0,4.0,0.06640000000000001,0.04098765432098766
2025-02-24,Monday,Week 8,Month 2,Data Engineering,3.389315,2025-02-24,Monday,Week 8,Month 2,Data Engineering,3.21,3.39,0.18,5.5,5.5,0.1793149999999999,0.05586137071651087
2025-02-24,Monday,Week 8,Month 2,Platform / Cloud Operations,1.7087100000000002,2025-02-24,Monday,Week 8,Month 2,Platform / Cloud Operations,1.61,1.71,0.1,6.0,6.0,0.09871000000000008,0.06131055900621123
2025-02-24,Monday,Week 8,Month 2,Product Engineering,15.3530904,2025-02-24,Monday,Week 8,Month 2,Product Engineering,14.62,15.35,0.73,5.0,5.0,0.7330904,0.05014298221614227
2025-02-25,Tuesday,Week 8,Month 2,AI Engineering,0.8426650000000001,2025-02-25,Tuesday,Week 8,Month 2,AI Engineering,0.79,0.84,0.06,7.0,7.0,0.05266500000000007,0.0666645569620254
2025-02-25,Tuesday,Week 8,Month 2,Business Analytics,48.3356,2025-02-25,Tuesday,Week 8,Month 2,Business Analytics,46.48,48.34,1.86,4.0,4.0,1.8556000000000026,0.03992254733218594
2025-02-25,Tuesday,Week 8,Month 2,Data Engineering,5.9957,2025-02-25,Tuesday,Week 8,Month 2,Data Engineering,5.68,6.0,0.31,5.5,5.5,0.31570000000000054,0.055580985915493056
2025-02-25,Tuesday,Week 8,Month 2,Platform / Cloud Operations,20.819399999999998,2025-02-25,Tuesday,Week 8,Month 2,Platform / Cloud Operations,19.64,20.82,1.18,6.0,6.0,1.1793999999999976,0.060050916496944884
2025-02-25,Tuesday,Week 8,Month 2,Product Engineering,46.704,2025-02-25,Tuesday,Week 8,Month 2,Product Engineering,44.48,46.7,2.22,5.0,5.0,2.2240000000000038,0.050000000000000086
2025-02-26,Wednesday,Week 9,Month 3,AI Engineering,6.75675,2025-02-26,Wednesday,Week 9,Month 3,AI Engineering,6.34,6.76,0.41,6.5,6.5,0.4167500000000004,0.06573343848580449
2025-02-26,Wednesday,Week 9,Month 3,Business Analytics,0.0171,2025-02-26,Wednesday,Week 9,Month 3,Business Analytics,0.02,0.02,0.0,3.5,3.5,-0.0029,-0.145
2025-02-26,Wednesday,Week 9,Month 3,Data Engineering,11.481,2025-02-26,Wednesday,Week 9,Month 3,Data Engineering,10.93,11.48,0.55,5.0,5.0,0.5510000000000002,0.050411710887465704
2025-02-26,Wednesday,Week 9,Month 3,Platform / Cloud Operations,1.0127124,2025-02-26,Wednesday,Week 9,Month 3,Platform / Cloud Operations,0.96,1.01,0.05,5.5,5.5,0.052712400000000104,0.05490875000000011
2025-02-26,Wednesday,Week 9,Month 3,Product Engineering,1.0920986,2025-02-26,Wednesday,Week 9,Month 3,Product Engineering,1.05,1.09,0.05,4.5,4.5,0.042098599999999875,0.04009390476190464
2025-02-27,Thursday,Week 9,Month 3,AI Engineering,0.036157,2025-02-27,Thursday,Week 9,Month 3,AI Engineering,0.03,0.04,0.0,6.5,6.5,0.006157000000000003,0.20523333333333343
2025-02-27,Thursday,Week 9,Month 3,Business Analytics,0.4840486,2025-02-27,Thursday,Week 9,Month 3,Business Analytics,0.47,0.48,0.02,3.5,3.5,0.014048600000000022,0.02989063829787239
2025-02-27,Thursday,Week 9,Month 3,Data Engineering,3.43852,2025-02-27,Thursday,Week 9,Month 3,Data Engineering,3.27,3.44,0.16,5.0,5.0,0.16852,0.051535168195718656
2025-02-27,Thursday,Week 9,Month 3,Platform / Cloud Operations,4.7166999999999994,2025-02-27,Thursday,Week 9,Month 3,Platform / Cloud Operations,4.47,4.72,0.25,5.5,5.5,0.2466999999999997,0.05519015659955251
2025-02-27,Thursday,Week 9,Month 3,Product Engineering,21.992,2025-02-27,Thursday,Week 9,Month 3,Product Engineering,21.04,21.99,0.95,4.5,4.5,0.9520000000000017,0.04524714828897347
2025-02-28,Friday,Week 9,Month 3,AI Engineering,0.32987360000000004,2025-02-28,Friday,Week 9,Month 3,AI Engineering,0.31,0.33,0.02,6.5,6.5,0.019873600000000047,0.06410838709677434
2025-02-28,Friday,Week 9,Month 3,Business Analytics,0.2536072,2025-02-28,Friday,Week 9,Month 3,Business Analytics,0.25,0.25,0.01,3.5,3.5,0.003607199999999977,0.014428799999999908
2025-02-28,Friday,Week 9,Month 3,Data Engineering,43.2707174,2025-02-28,Friday,Week 9,Month 3,Data Engineering,41.21,43.27,2.06,5.0,5.0,2.0607174000000015,0.05000527541858776
2025-02-28,Friday,Week 9,Month 3,Platform / Cloud Operations,0.0284922,2025-02-28,Friday,Week 9,Month 3,Platform / Cloud Operations,0.03,0.03,0.0,5.5,5.5,-0.0015078000000000001,-0.050260000000000006
2025-02-28,Friday,Week 9,Month 3,Product Engineering,3.51802,2025-02-28,Friday,Week 9,Month 3,Product Engineering,3.37,3.52,0.15,4.5,4.5,0.14801999999999982,0.043922848664688374
2025-03-01,Saturday,Week 9,Month 3,AI Engineering,5.814947,2025-03-01,Saturday,Week 9,Month 3,AI Engineering,5.46,5.81,0.35,6.5,6.5,0.3549470000000001,0.06500860805860809
2025-03-01,Saturday,Week 9,Month 3,Business Analytics,0.04088680000000001,2025-03-01,Saturday,Week 9,Month 3,Business Analytics,0.04,0.04,0.0,3.5,3.5,0.000886800000000007,0.022170000000000176
2025-03-01,Saturday,Week 9,Month 3,Data Engineering,3.5832,2025-03-01,Saturday,Week 9,Month 3,Data Engineering,3.41,3.58,0.17,5.0,5.0,0.17320000000000002,0.05079178885630499
2025-03-01,Saturday,Week 9,Month 3,Platform / Cloud Operations,4.622400000000001,2025-03-01,Saturday,Week 9,Month 3,Platform / Cloud Operations,4.38,4.62,0.24,5.5,5.5,0.24240000000000084,0.05534246575342485
2025-03-01,Saturday,Week 9,Month 3,Product Engineering,0.4164964,2025-03-01,Saturday,Week 9,Month 3,Product Engineering,0.4,0.42,0.02,4.5,4.5,0.016496399999999967,0.04124099999999992
2025-03-02,Sunday,Week 9,Month 3,AI Engineering,59.16193,2025-03-02,Sunday,Week 9,Month 3,AI Engineering,55.55,59.16,3.61,6.5,6.5,3.611930000000001,0.06502124212421244
2025-03-02,Sunday,Week 9,Month 3,Business Analytics,3.2848,2025-03-02,Sunday,Week 9,Month 3,Business Analytics,3.17,3.28,0.11,3.5,3.5,0.11480000000000024,0.03621451104100954
2025-03-02,Sunday,Week 9,Month 3,Data Engineering,43.8912,2025-03-02,Sunday,Week 9,Month 3,Data Engineering,41.8,43.89,2.09,5.0,5.0,2.0912000000000006,0.05002870813397131
2025-03-02,Sunday,Week 9,Month 3,Platform / Cloud Operations,6.949600000000001,2025-03-02,Sunday,Week 9,Month 3,Platform / Cloud Operations,6.59,6.95,0.36,5.5,5.5,0.35960000000000125,0.054567526555387144
2025-03-02,Sunday,Week 9,Month 3,Product Engineering,3.6260000000000003,2025-03-02,Sunday,Week 9,Month 3,Product Engineering,3.47,3.63,0.16,4.5,4.5,0.15600000000000014,0.04495677233429399
2025-03-03,Monday,Week 9,Month 3,AI Engineering,5.820400000000001,2025-03-03,Monday,Week 9,Month 3,AI Engineering,5.47,5.82,0.36,6.5,6.5,0.3504000000000014,0.06405850091407704
2025-03-03,Monday,Week 9,Month 3,Business Analytics,5.394,2025-03-03,Monday,Week 9,Month 3,Business Analytics,5.21,5.39,0.18,3.5,3.5,0.18400000000000016,0.03531669865642997
2025-03-03,Monday,Week 9,Month 3,Data Engineering,1.57232,2025-03-03,Monday,Week 9,Month 3,Data Engineering,1.5,1.57,0.07,5.0,5.0,0.07231999999999994,0.048213333333333296
2025-03-03,Monday,Week 9,Month 3,Platform / Cloud Operations,0.79206,2025-03-03,Monday,Week 9,Month 3,Platform / Cloud Operations,0.75,0.79,0.04,5.5,5.5,0.042059999999999986,0.056079999999999984
2025-03-03,Monday,Week 9,Month 3,Product Engineering,0.7228621999999999,2025-03-03,Monday,Week 9,Month 3,Product Engineering,0.69,0.72,0.03,4.5,4.5,0.03286219999999995,0.04762637681159414
2025-03-04,Tuesday,Week 9,Month 3,AI Engineering,37.2288,2025-03-04,Tuesday,Week 9,Month 3,AI Engineering,34.96,37.23,2.27,6.5,6.5,2.268799999999999,0.06489702517162468
2025-03-04,Tuesday,Week 9,Month 3,Business Analytics,6.0612,2025-03-04,Tuesday,Week 9,Month 3,Business Analytics,5.86,6.06,0.2,3.5,3.5,0.20120000000000005,0.0343344709897611
2025-03-04,Tuesday,Week 9,Month 3,Data Engineering,2.0604,2025-03-04,Tuesday,Week 9,Month 3,Data Engineering,1.96,2.06,0.1,5.0,5.0,0.10040000000000004,0.05122448979591839
2025-03-04,Tuesday,Week 9,Month 3,Platform / Cloud Operations,6.230700000000001,2025-03-04,Tuesday,Week 9,Month 3,Platform / Cloud Operations,5.91,6.23,0.32,5.5,5.5,0.32070000000000043,0.054263959390863016
2025-03-04,Tuesday,Week 9,Month 3,Product Engineering,4.292,2025-03-04,Tuesday,Week 9,Month 3,Product Engineering,4.11,4.29,0.18,4.5,4.5,0.1819999999999995,0.04428223844282226
2025-03-05,Wednesday,Week 10,Month 3,AI Engineering,0.21499999999999997,2025-03-05,Wednesday,Week 10,Month 3,AI Engineering,0.2,0.22,0.01,6.5,6.5,0.014999999999999958,0.07499999999999979
2025-03-05,Wednesday,Week 10,Month 3,Business Analytics,18.90887,2025-03-05,Wednesday,Week 10,Month 3,Business Analytics,18.27,18.91,0.64,3.5,3.5,0.6388700000000007,0.03496825396825401
2025-03-05,Wednesday,Week 10,Month 3,Data Engineering,12.80246,2025-03-05,Wednesday,Week 10,Month 3,Data Engineering,12.19,12.8,0.61,5.0,5.0,0.6124600000000004,0.05024282198523384
2025-03-05,Wednesday,Week 10,Month 3,Platform / Cloud Operations,19.463,2025-03-05,Wednesday,Week 10,Month 3,Platform / Cloud Operations,18.45,19.46,1.01,5.5,5.5,1.0130000000000017,0.05490514905149061
2025-03-05,Wednesday,Week 10,Month 3,Product Engineering,0.16449999999999998,2025-03-05,Wednesday,Week 10,Month 3,Product Engineering,0.16,0.16,0.01,4.5,4.5,0.004499999999999976,0.02812499999999985
2025-03-06,Thursday,Week 10,Month 3,AI Engineering,1.40786,2025-03-06,Thursday,Week 10,Month 3,AI Engineering,1.32,1.41,0.09,6.5,6.5,0.08785999999999983,0.06656060606060593
2025-03-06,Thursday,Week 10,Month 3,Business Analytics,0.5239012,2025-03-06,Thursday,Week 10,Month 3,Business Analytics,0.51,0.52,0.02,3.5,3.5,0.013901199999999947,0.02725725490196068
2025-03-06,Thursday,Week 10,Month 3,Data Engineering,14.791200000000002,2025-03-06,Thursday,Week 10,Month 3,Data Engineering,14.09,14.79,0.7,5.0,5.0,0.7012000000000018,0.04976579134137699
2025-03-06,Thursday,Week 10,Month 3,Platform / Cloud Operations,15.9446,2025-03-06,Thursday,Week 10,Month 3,Platform / Cloud Operations,15.11,15.94,0.83,5.5,5.5,0.8346,0.05523494374586367
2025-03-06,Thursday,Week 10,Month 3,Product Engineering,24.1356,2025-03-06,Thursday,Week 10,Month 3,Product Engineering,23.1,24.14,1.04,4.5,4.5,1.0355999999999987,0.04483116883116878
2025-03-07,Friday,Week 10,Month 3,AI Engineering,50.404970000000006,2025-03-07,Friday,Week 10,Month 3,AI Engineering,47.33,50.4,3.08,6.5,6.5,3.0749700000000075,0.06496873019226722
2025-03-07,Friday,Week 10,Month 3,Business Analytics,18.931880000000003,2025-03-07,Friday,Week 10,Month 3,Business Analytics,18.29,18.93,0.64,3.5,3.5,0.641880000000004,0.03509458720612379
2025-03-07,Friday,Week 10,Month 3,Data Engineering,6.0085999999999995,2025-03-07,Friday,Week 10,Month 3,Data Engineering,5.72,6.01,0.29,5.0,5.0,0.28859999999999975,0.05045454545454541
2025-03-07,Friday,Week 10,Month 3,Platform / Cloud Operations,1.7766000000000002,2025-03-07,Friday,Week 10,Month 3,Platform / Cloud Operations,1.68,1.78,0.09,5.5,5.5,0.09660000000000024,0.05750000000000015
2025-03-07,Friday,Week 10,Month 3,Product Engineering,0.0438698,2025-03-07,Friday,Week 10,Month 3,Product Engineering,0.04,0.04,0.0,4.5,4.5,0.0038697999999999996,0.09674499999999998
2025-03-08,Saturday,Week 10,Month 3,AI Engineering,6.0850100000000005,2025-03-08,Saturday,Week 10,Month 3,AI Engineering,5.71,6.09,0.37,6.5,6.5,0.3750100000000005,0.06567600700525403
2025-03-08,Saturday,Week 10,Month 3,Business Analytics,1.189389,2025-03-08,Saturday,Week 10,Month 3,Business Analytics,1.15,1.19,0.04,3.5,3.5,0.03938900000000012,0.034251304347826195
2025-03-08,Saturday,Week 10,Month 3,Data Engineering,1.7124000000000001,2025-03-08,Saturday,Week 10,Month 3,Data Engineering,1.63,1.71,0.08,5.0,5.0,0.08240000000000025,0.05055214723926396
2025-03-08,Saturday,Week 10,Month 3,Platform / Cloud Operations,0.6598399999999999,2025-03-08,Saturday,Week 10,Month 3,Platform / Cloud Operations,0.63,0.66,0.03,5.5,5.5,0.029839999999999867,0.04736507936507915
2025-03-08,Saturday,Week 10,Month 3,Product Engineering,18.0636,2025-03-08,Saturday,Week 10,Month 3,Product Engineering,17.29,18.06,0.78,4.5,4.5,0.7736000000000018,0.044742625795257486
2025-03-09,Sunday,Week 10,Month 3,AI Engineering,1.0094299999999998,2025-03-09,Sunday,Week 10,Month 3,AI Engineering,0.95,1.01,0.06,6.5,6.5,0.05942999999999987,0.06255789473684198
2025-03-09,Sunday,Week 10,Month 3,Business Analytics,4.2274,2025-03-09,Sunday,Week 10,Month 3,Business Analytics,4.08,4.23,0.14,3.5,3.5,0.1474000000000002,0.0361274509803922
2025-03-09,Sunday,Week 10,Month 3,Data Engineering,0.8305,2025-03-09,Sunday,Week 10,Month 3,Data Engineering,0.79,0.83,0.04,5.0,5.0,0.04049999999999998,0.0512658227848101
2025-03-09,Sunday,Week 10,Month 3,Platform / Cloud Operations,4.249,2025-03-09,Sunday,Week 10,Month 3,Platform / Cloud Operations,4.03,4.25,0.22,5.5,5.5,0.21899999999999942,0.05434243176178645
2025-03-09,Sunday,Week 10,Month 3,Product Engineering,0.6464000000000001,2025-03-09,Sunday,Week 10,Month 3,Product Engineering,0.62,0.65,0.03,4.5,4.5,0.02640000000000009,0.04258064516129047
2025-03-10,Monday,Week 10,Month 3,AI Engineering,3.3287632000000005,2025-03-10,Monday,Week 10,Month 3,AI Engineering,3.13,3.33,0.2,6.5,6.5,0.19876320000000058,0.0635026198083069
2025-03-10,Monday,Week 10,Month 3,Business Analytics,34.308800000000005,2025-03-10,Monday,Week 10,Month 3,Business Analytics,33.15,34.31,1.16,3.5,3.5,1.1588000000000065,0.03495625942684786
2025-03-10,Monday,Week 10,Month 3,Data Engineering,47.8008996,2025-03-10,Monday,Week 10,Month 3,Data Engineering,45.52,47.8,2.28,5.0,5.0,2.280899599999998,0.050107636203866386
2025-03-10,Monday,Week 10,Month 3,Platform / Cloud Operations,20.185200000000002,2025-03-10,Monday,Week 10,Month 3,Platform / Cloud Operations,19.13,20.19,1.05,5.5,5.5,1.0552000000000028,0.055159435441714734
2025-03-10,Monday,Week 10,Month 3,Product Engineering,53.1228,2025-03-10,Monday,Week 10,Month 3,Product Engineering,50.84,53.12,2.29,4.5,4.5,2.2827999999999946,0.04490165224232877
2025-03-11,Tuesday,Week 10,Month 3,AI Engineering,0.028573,2025-03-11,Tuesday,Week 10,Month 3,AI Engineering,0.03,0.03,0.0,6.5,6.5,-0.0014269999999999977,-0.04756666666666659
2025-03-11,Tuesday,Week 10,Month 3,Business Analytics,4.960400000000001,2025-03-11,Tuesday,Week 10,Month 3,Business Analytics,4.79,4.96,0.17,3.5,3.5,0.17040000000000077,0.03557411273486446
2025-03-11,Tuesday,Week 10,Month 3,Data Engineering,4.4091000000000005,2025-03-11,Tuesday,Week 10,Month 3,Data Engineering,4.2,4.41,0.21,5.0,5.0,0.20910000000000029,0.04978571428571435
2025-03-11,Tuesday,Week 10,Month 3,Platform / Cloud Operations,0.043398,2025-03-11,Tuesday,Week 10,Month 3,Platform / Cloud Operations,0.04,0.04,0.0,5.5,5.5,0.0033979999999999982,0.08494999999999996
2025-03-11,Tuesday,Week 10,Month 3,Product Engineering,13.7119072,2025-03-11,Tuesday,Week 10,Month 3,Product Engineering,13.12,13.71,0.59,4.5,4.5,0.5919072000000014,0.045114878048780595
2025-03-12,Wednesday,Week 11,Month 3,AI Engineering,6.2702516,2025-03-12,Wednesday,Week 11,Month 3,AI Engineering,5.89,6.27,0.38,6.5,6.5,0.38025160000000024,0.06455884550084894
2025-03-12,Wednesday,Week 11,Month 3,Business Analytics,5.2611038,2025-03-12,Wednesday,Week 11,Month 3,Business Analytics,5.08,5.26,0.18,3.5,3.5,0.18110379999999981,0.03565035433070862
2025-03-12,Wednesday,Week 11,Month 3,Data Engineering,17.375600000000002,2025-03-12,Wednesday,Week 11,Month 3,Data Engineering,16.55,17.38,0.83,5.0,5.0,0.8256000000000014,0.049885196374622444
2025-03-12,Wednesday,Week 11,Month 3,Platform / Cloud Operations,26.9904382,2025-03-12,Wednesday,Week 11,Month 3,Platform / Cloud Operations,25.58,26.99,1.41,5.5,5.5,1.4104382000000015,0.0551383189992182
2025-03-12,Wednesday,Week 11,Month 3,Product Engineering,48.33,2025-03-12,Wednesday,Week 11,Month 3,Product Engineering,46.25,48.33,2.08,4.5,4.5,2.0799999999999983,0.04497297297297294
2025-03-13,Thursday,Week 11,Month 3,AI Engineering,47.0165,2025-03-13,Thursday,Week 11,Month 3,AI Engineering,44.15,47.02,2.87,6.5,6.5,2.866500000000002,0.06492638731596834
2025-03-13,Thursday,Week 11,Month 3,Business Analytics,0.747776,2025-03-13,Thursday,Week 11,Month 3,Business Analytics,0.72,0.75,0.03,3.5,3.5,0.027776000000000023,0.03857777777777781
2025-03-13,Thursday,Week 11,Month 3,Data Engineering,0.6643441999999999,2025-03-13,Thursday,Week 11,Month 3,Data Engineering,0.63,0.66,0.03,5.0,5.0,0.034344199999999936,0.05451460317460307
2025-03-13,Thursday,Week 11,Month 3,Platform / Cloud Operations,37.830400000000004,2025-03-13,Thursday,Week 11,Month 3,Platform / Cloud Operations,35.86,37.83,1.97,5.5,5.5,1.970400000000005,0.05494701617401018
2025-03-13,Thursday,Week 11,Month 3,Product Engineering,27.13867,2025-03-13,Thursday,Week 11,Month 3,Product Engineering,25.97,27.14,1.17,4.5,4.5,1.1686700000000023,0.045000770119368594
2025-03-14,Friday,Week 11,Month 3,AI Engineering,18.56,2025-03-14,Friday,Week 11,Month 3,AI Engineering,17.43,18.56,1.13,6.5,6.5,1.129999999999999,0.06483075157773947
2025-03-14,Friday,Week 11,Month 3,Business Analytics,8.0676,2025-03-14,Friday,Week 11,Month 3,Business Analytics,7.79,8.07,0.27,3.5,3.5,0.2776000000000005,0.035635430038510975
2025-03-14,Friday,Week 11,Month 3,Data Engineering,15.84844,2025-03-14,Friday,Week 11,Month 3,Data Engineering,15.09,15.85,0.75,5.0,5.0,0.7584400000000002,0.05026110006626907
2025-03-14,Friday,Week 11,Month 3,Platform / Cloud Operations,0.55602,2025-03-14,Friday,Week 11,Month 3,Platform / Cloud Operations,0.53,0.56,0.03,5.5,5.5,0.026019999999999932,0.04909433962264138
2025-03-14,Friday,Week 11,Month 3,Product Engineering,19.8826,2025-03-14,Friday,Week 11,Month 3,Product Engineering,19.03,19.88,0.86,4.5,4.5,0.8525999999999989,0.044802942722017805
2025-03-15,Saturday,Week 11,Month 3,AI Engineering,19.3008,2025-03-15,Saturday,Week 11,Month 3,AI Engineering,18.12,19.3,1.18,6.5,6.5,1.1807999999999979,0.06516556291390717
2025-03-15,Saturday,Week 11,Month 3,Business Analytics,15.3235,2025-03-15,Saturday,Week 11,Month 3,Business Analytics,14.81,15.32,0.52,3.5,3.5,0.5134999999999987,0.034672518568534684
2025-03-15,Saturday,Week 11,Month 3,Data Engineering,52.166399999999996,2025-03-15,Saturday,Week 11,Month 3,Data Engineering,49.68,52.17,2.48,5.0,5.0,2.486399999999996,0.05004830917874389
2025-03-15,Saturday,Week 11,Month 3,Platform / Cloud Operations,0.7656906000000001,2025-03-15,Saturday,Week 11,Month 3,Platform / Cloud Operations,0.73,0.77,0.04,5.5,5.5,0.03569060000000013,0.04889123287671251
2025-03-15,Saturday,Week 11,Month 3,Product Engineering,1.89997,2025-03-15,Saturday,Week 11,Month 3,Product Engineering,1.82,1.9,0.08,4.5,4.5,0.07996999999999987,0.04393956043956037
2025-03-16,Sunday,Week 11,Month 3,AI Engineering,55.164500000000004,2025-03-16,Sunday,Week 11,Month 3,AI Engineering,51.8,55.16,3.37,6.5,6.5,3.3645000000000067,0.06495173745173759
2025-03-16,Sunday,Week 11,Month 3,Business Analytics,16.3922,2025-03-16,Sunday,Week 11,Month 3,Business Analytics,15.84,16.39,0.55,3.5,3.5,0.5521999999999991,0.03486111111111106
2025-03-16,Sunday,Week 11,Month 3,Data Engineering,0.21301219999999998,2025-03-16,Sunday,Week 11,Month 3,Data Engineering,0.2,0.21,0.01,5.0,5.0,0.013012199999999974,0.06506099999999987
2025-03-16,Sunday,Week 11,Month 3,Platform / Cloud Operations,1.4344,2025-03-16,Sunday,Week 11,Month 3,Platform / Cloud Operations,1.36,1.43,0.07,5.5,5.5,0.0743999999999998,0.05470588235294103
2025-03-16,Sunday,Week 11,Month 3,Product Engineering,12.64198,2025-03-16,Sunday,Week 11,Month 3,Product Engineering,12.1,12.64,0.54,4.5,4.5,0.5419800000000006,0.04479173553719013
2025-03-17,Monday,Week 11,Month 3,AI Engineering,0.5895,2025-03-17,Monday,Week 11,Month 3,AI Engineering,0.55,0.59,0.04,6.5,6.5,0.03949999999999998,0.07181818181818178
2025-03-17,Monday,Week 11,Month 3,Business Analytics,1.4255,2025-03-17,Monday,Week 11,Month 3,Business Analytics,1.38,1.43,0.05,3.5,3.5,0.045500000000000096,0.03297101449275369
2025-03-17,Monday,Week 11,Month 3,Data Engineering,9.0042,2025-03-17,Monday,Week 11,Month 3,Data Engineering,8.58,9.0,0.43,5.0,5.0,0.4242000000000008,0.049440559440559535
2025-03-17,Monday,Week 11,Month 3,Platform / Cloud Operations,1.279423,2025-03-17,Monday,Week 11,Month 3,Platform / Cloud Operations,1.21,1.28,0.07,5.5,5.5,0.06942300000000001,0.05737438016528927
2025-03-17,Monday,Week 11,Month 3,Product Engineering,26.3708,2025-03-17,Monday,Week 11,Month 3,Product Engineering,25.24,26.37,1.14,4.5,4.5,1.1308000000000007,0.04480190174326469
2025-03-18,Tuesday,Week 11,Month 3,AI Engineering,31.7896,2025-03-18,Tuesday,Week 11,Month 3,AI Engineering,29.85,31.79,1.94,6.5,6.5,1.9395999999999987,0.06497822445561134
2025-03-18,Tuesday,Week 11,Month 3,Business Analytics,50.8784,2025-03-18,Tuesday,Week 11,Month 3,Business Analytics,49.16,50.88,1.72,3.5,3.5,1.7184000000000026,0.03495524816924334
2025-03-18,Tuesday,Week 11,Month 3,Data Engineering,10.6496,2025-03-18,Tuesday,Week 11,Month 3,Data Engineering,10.14,10.65,0.51,5.0,5.0,0.5095999999999989,0.05025641025641015
2025-03-18,Tuesday,Week 11,Month 3,Platform / Cloud Operations,15.0655,2025-03-18,Tuesday,Week 11,Month 3,Platform / Cloud Operations,14.28,15.07,0.79,5.5,5.5,0.7855000000000008,0.0550070028011205
2025-03-18,Tuesday,Week 11,Month 3,Product Engineering,2.523,2025-03-18,Tuesday,Week 11,Month 3,Product Engineering,2.41,2.52,0.11,4.5,4.5,0.11299999999999999,0.046887966804979246
2025-03-19,Wednesday,Week 12,Month 3,AI Engineering,52.730000000000004,2025-03-19,Wednesday,Week 12,Month 3,AI Engineering,49.51,52.73,3.22,6.5,6.5,3.220000000000006,0.06503736618864889
2025-03-19,Wednesday,Week 12,Month 3,Business Analytics,1.3711164,2025-03-19,Wednesday,Week 12,Month 3,Business Analytics,1.32,1.37,0.05,3.5,3.5,0.05111639999999995,0.038724545454545414
2025-03-19,Wednesday,Week 12,Month 3,Data Engineering,0.3187114,2025-03-19,Wednesday,Week 12,Month 3,Data Engineering,0.3,0.32,0.02,5.0,5.0,0.01871139999999999,0.0623713333333333
2025-03-19,Wednesday,Week 12,Month 3,Platform / Cloud Operations,16.5616,2025-03-19,Wednesday,Week 12,Month 3,Platform / Cloud Operations,15.7,16.56,0.86,5.5,5.5,0.8615999999999993,0.0548789808917197
2025-03-19,Wednesday,Week 12,Month 3,Product Engineering,39.5965,2025-03-19,Wednesday,Week 12,Month 3,Product Engineering,37.89,39.6,1.71,4.5,4.5,1.7064999999999984,0.0450382686724729
2025-03-20,Thursday,Week 12,Month 3,AI Engineering,32.60754,2025-03-20,Thursday,Week 12,Month 3,AI Engineering,30.62,32.61,1.99,6.5,6.5,1.9875399999999992,0.0649098628347485
2025-03-20,Thursday,Week 12,Month 3,Business Analytics,1.2002,2025-03-20,Thursday,Week 12,Month 3,Business Analytics,1.16,1.2,0.04,3.5,3.5,0.040200000000000014,0.034655172413793116
2025-03-20,Thursday,Week 12,Month 3,Data Engineering,25.471,2025-03-20,Thursday,Week 12,Month 3,Data Engineering,24.26,25.47,1.21,5.0,5.0,1.2109999999999985,0.04991755976916729
2025-03-20,Thursday,Week 12,Month 3,Platform / Cloud Operations,11.433,2025-03-20,Thursday,Week 12,Month 3,Platform / Cloud Operations,10.84,11.43,0.6,5.5,5.5,0.593,0.05470479704797048
2025-03-20,Thursday,Week 12,Month 3,Product Engineering,12.330200000000001,2025-03-20,Thursday,Week 12,Month 3,Product Engineering,11.8,12.33,0.53,4.5,4.5,0.5302000000000007,0.04493220338983056
2025-03-21,Friday,Week 12,Month 3,AI Engineering,0.6638000000000001,2025-03-21,Friday,Week 12,Month 3,AI Engineering,0.62,0.66,0.04,6.5,6.5,0.04380000000000006,0.07064516129032268
2025-03-21,Friday,Week 12,Month 3,Business Analytics,2.27307,2025-03-21,Friday,Week 12,Month 3,Business Analytics,2.2,2.27,0.08,3.5,3.5,0.07306999999999997,0.03321363636363635
2025-03-21,Friday,Week 12,Month 3,Data Engineering,1.4112399999999998,2025-03-21,Friday,Week 12,Month 3,Data Engineering,1.34,1.41,0.07,5.0,5.0,0.07123999999999975,0.05316417910447742
2025-03-21,Friday,Week 12,Month 3,Platform / Cloud Operations,0.8990990000000001,2025-03-21,Friday,Week 12,Month 3,Platform / Cloud Operations,0.85,0.9,0.05,5.5,5.5,0.049099000000000115,0.057763529411764845
2025-03-21,Friday,Week 12,Month 3,Product Engineering,7.3508,2025-03-21,Friday,Week 12,Month 3,Product Engineering,7.03,7.35,0.32,4.5,4.5,0.3207999999999993,0.045633001422475006
2025-03-22,Saturday,Week 12,Month 3,AI Engineering,4.8837648,2025-03-22,Saturday,Week 12,Month 3,AI Engineering,4.59,4.88,0.3,6.5,6.5,0.29376479999999994,0.06400104575163397
2025-03-22,Saturday,Week 12,Month 3,Business Analytics,22.1616,2025-03-22,Saturday,Week 12,Month 3,Business Analytics,21.41,22.16,0.75,3.5,3.5,0.7515999999999998,0.03510509107893507
2025-03-22,Saturday,Week 12,Month 3,Data Engineering,1.35929,2025-03-22,Saturday,Week 12,Month 3,Data Engineering,1.29,1.36,0.06,5.0,5.0,0.06929000000000007,0.0537131782945737
2025-03-22,Saturday,Week 12,Month 3,Platform / Cloud Operations,3.700951,2025-03-22,Saturday,Week 12,Month 3,Platform / Cloud Operations,3.51,3.7,0.19,5.5,5.5,0.1909510000000001,0.054401994301994334
2025-03-22,Saturday,Week 12,Month 3,Product Engineering,39.686800000000005,2025-03-22,Saturday,Week 12,Month 3,Product Engineering,37.98,39.69,1.71,4.5,4.5,1.7068000000000083,0.04493944181147995
2025-03-23,Sunday,Week 12,Month 3,AI Engineering,12.306,2025-03-23,Sunday,Week 12,Month 3,AI Engineering,11.55,12.31,0.75,6.5,6.5,0.7559999999999985,0.06545454545454532
2025-03-23,Sunday,Week 12,Month 3,Business Analytics,11.235600000000002,2025-03-23,Sunday,Week 12,Month 3,Business Analytics,10.86,11.24,0.38,3.5,3.5,0.37560000000000215,0.03458563535911622
2025-03-23,Sunday,Week 12,Month 3,Data Engineering,0.4122962,2025-03-23,Sunday,Week 12,Month 3,Data Engineering,0.39,0.41,0.02,5.0,5.0,0.022296199999999988,0.057169743589743555
2025-03-23,Sunday,Week 12,Month 3,Platform / Cloud Operations,0.15271139999999997,2025-03-23,Sunday,Week 12,Month 3,Platform / Cloud Operations,0.14,0.15,0.01,5.5,5.5,0.012711399999999956,0.09079571428571397
2025-03-23,Sunday,Week 12,Month 3,Product Engineering,12.515,2025-03-23,Sunday,Week 12,Month 3,Product Engineering,11.98,12.52,0.54,4.5,4.5,0.5350000000000001,0.04465776293823039
2025-03-24,Monday,Week 12,Month 3,AI Engineering,5.349600000000001,2025-03-24,Monday,Week 12,Month 3,AI Engineering,5.02,5.35,0.33,6.5,6.5,0.329600000000001,0.0656573705179285
2025-03-24,Monday,Week 12,Month 3,Business Analytics,3.8248574,2025-03-24,Monday,Week 12,Month 3,Business Analytics,3.7,3.82,0.13,3.5,3.5,0.12485739999999979,0.033745243243243184
2025-03-24,Monday,Week 12,Month 3,Data Engineering,2.7864,2025-03-24,Monday,Week 12,Month 3,Data Engineering,2.65,2.79,0.13,5.0,5.0,0.13640000000000008,0.05147169811320758
2025-03-24,Monday,Week 12,Month 3,Platform / Cloud Operations,5.6488000000000005,2025-03-24,Monday,Week 12,Month 3,Platform / Cloud Operations,5.35,5.65,0.29,5.5,5.5,0.29880000000000084,0.05585046728971979
2025-03-24,Monday,Week 12,Month 3,Product Engineering,0.7140669999999999,2025-03-24,Monday,Week 12,Month 3,Product Engineering,0.68,0.71,0.03,4.5,4.5,0.03406699999999985,0.05009852941176448
2025-03-25,Tuesday,Week 12,Month 3,AI Engineering,46.271,2025-03-25,Tuesday,Week 12,Month 3,AI Engineering,43.45,46.27,2.82,6.5,6.5,2.820999999999998,0.06492520138089754
2025-03-25,Tuesday,Week 12,Month 3,Business Analytics,6.752000000000001,2025-03-25,Tuesday,Week 12,Month 3,Business Analytics,6.52,6.75,0.23,3.5,3.5,0.2320000000000011,0.03558282208588974
2025-03-25,Tuesday,Week 12,Month 3,Data Engineering,46.9088,2025-03-25,Tuesday,Week 12,Month 3,Data Engineering,44.68,46.91,2.23,5.0,5.0,2.2287999999999997,0.04988361683079677
2025-03-25,Tuesday,Week 12,Month 3,Platform / Cloud Operations,9.621,2025-03-25,Tuesday,Week 12,Month 3,Platform / Cloud Operations,9.12,9.62,0.5,5.5,5.5,0.5010000000000012,0.054934210526315926
2025-03-25,Tuesday,Week 12,Month 3,Product Engineering,3.5788,2025-03-25,Tuesday,Week 12,Month 3,Product Engineering,3.42,3.58,0.15,4.5,4.5,0.15880000000000027,0.04643274853801178
